policy,timestep,sensitivity_weighted_variance_proxy,quality_proxy_delta_nll,weighted_noise_sum,mean_weighted_tile_noise,reference_noise_std,proxy_noise_scaling,shard_weight,shards_on_faulted,shards_on_unavailable,projections_on_faulted,projections_on_unavailable,available_tiles,faulted_tiles
random,0,46.84649742003365,46.84649742003365,46.84649742003365,0.02475854731972122,0.023,variance_ratio_squared,48.000000000000284,0,0,0,0,72,0
random,1,45.95480661483427,45.95480661483427,45.95480661483427,0.024509976438150647,0.023,variance_ratio_squared,48.000000000000284,0,0,0,0,72,0
random,2,46.5036683895162,46.5036683895162,46.5036683895162,0.024676576027989373,0.023,variance_ratio_squared,48.000000000000284,0,0,0,0,72,0
random,3,47.23824128595168,47.23824128595168,47.23824128595168,0.02482649009118519,0.023,variance_ratio_squared,48.000000000000284,0,0,0,0,72,0
random,4,46.852262626572696,46.852262626572696,46.852262626572696,0.02468371490665901,0.023,variance_ratio_squared,48.000000000000284,0,0,0,0,72,0
random,5,45.98936966859784,45.98936966859784,45.98936966859784,0.024451595372208576,0.023,variance_ratio_squared,48.000000000000284,0,0,0,0,72,0
random,6,47.74244839010816,47.74244839010816,47.74244839010816,0.024757593846908964,0.023,variance_ratio_squared,48.000000000000284,0,0,0,0,72,0
random,7,47.61203163895281,47.61203163895281,47.61203163895281,0.02473680963928211,0.023,variance_ratio_squared,48.000000000000284,0,0,0,0,72,0
random,8,48.256859633184376,48.256859633184376,48.256859633184376,0.024880545325034073,0.023,variance_ratio_squared,48.000000000000284,0,0,0,0,72,0
random,9,48.63695316422322,48.63695316422322,48.63695316422322,0.02502096265035499,0.023,variance_ratio_squared,48.000000000000284,0,0,0,0,72,0
random,10,48.73812280799509,48.73812280799509,48.73812280799509,0.025057981746472183,0.023,variance_ratio_squared,48.000000000000284,0,0,0,0,72,0
random,11,48.61995964689616,48.61995964689616,48.61995964689616,0.025039785797763333,0.023,variance_ratio_squared,48.000000000000284,0,0,0,0,72,0
random,12,48.789902710171916,48.789902710171916,48.789902710171916,0.025044471412811173,0.023,variance_ratio_squared,48.000000000000284,0,0,0,0,72,0
random,13,49.326272380295215,49.326272380295215,49.326272380295215,0.02518960109349417,0.023,variance_ratio_squared,48.000000000000284,0,0,0,0,72,0
random,14,50.537543607655806,50.537543607655806,50.537543607655806,0.025448452248800803,0.023,variance_ratio_squared,48.000000000000284,0,0,0,0,72,0
random,15,51.72003454568859,51.72003454568859,51.72003454568859,0.02566599227492586,0.023,variance_ratio_squared,48.000000000000284,0,0,0,0,72,0
random,16,50.78628673415279,50.78628673415279,50.78628673415279,0.02548438865022987,0.023,variance_ratio_squared,48.000000000000284,0,0,0,0,72,0
random,17,50.2566892246423,50.2566892246423,50.2566892246423,0.02538540700512253,0.023,variance_ratio_squared,48.000000000000284,0,0,0,0,72,0
random,18,50.796268227434304,50.796268227434304,50.796268227434304,0.025444466304478282,0.023,variance_ratio_squared,48.000000000000284,0,0,0,0,72,0
random,19,51.03606201385326,51.03606201385326,51.03606201385326,0.02561217622438066,0.023,variance_ratio_squared,48.000000000000284,0,0,0,0,72,0
random,20,50.920646500991886,50.920646500991886,50.920646500991886,0.02559719322609763,0.023,variance_ratio_squared,48.000000000000284,0,0,0,0,72,0
random,21,51.66778279870536,51.66778279870536,51.66778279870536,0.025731290813206322,0.023,variance_ratio_squared,48.000000000000284,0,0,0,0,72,0
random,22,51.72869414505661,51.72869414505661,51.72869414505661,0.025859588850009857,0.023,variance_ratio_squared,48.000000000000284,0,0,0,0,72,0
random,23,50.44234002238233,50.44234002238233,50.44234002238233,0.025533260505208114,0.023,variance_ratio_squared,48.000000000000284,0,0,0,0,72,0
random,24,50.3835305382692,50.3835305382692,50.3835305382692,0.025500187704965604,0.023,variance_ratio_squared,48.000000000000284,0,0,0,0,72,0
random,25,50.45395384176129,50.45395384176129,50.45395384176129,0.025520213897078963,0.023,variance_ratio_squared,48.000000000000284,0,0,0,0,72,0
random,26,48.49085170706575,48.49085170706575,48.49085170706575,0.025177154622507088,0.023,variance_ratio_squared,48.000000000000284,0,0,0,0,72,0
random,27,49.716491097081956,49.716491097081956,49.716491097081956,0.025439523351207978,0.023,variance_ratio_squared,48.000000000000284,0,0,0,0,72,0
random,28,49.46452194645428,49.46452194645428,49.46452194645428,0.025351872267385393,0.023,variance_ratio_squared,48.000000000000284,0,0,0,0,72,0
random,29,48.83707375260968,48.83707375260968,48.83707375260968,0.025183319347205732,0.023,variance_ratio_squared,48.000000000000284,0,0,0,0,72,0
random,30,49.096913205872184,49.096913205872184,49.096913205872184,0.025261489862187035,0.023,variance_ratio_squared,48.000000000000284,0,0,0,0,72,0
random,31,50.757374745123165,50.757374745123165,50.757374745123165,0.025624451606403732,0.023,variance_ratio_squared,48.000000000000284,0,0,0,0,72,0
random,32,51.26219754229547,51.26219754229547,51.26219754229547,0.02569060375116508,0.023,variance_ratio_squared,48.000000000000284,0,0,0,0,72,0
random,33,50.869270819837865,50.869270819837865,50.869270819837865,0.025508071149008937,0.023,variance_ratio_squared,48.000000000000284,0,0,0,0,72,0
random,34,50.90211472028696,50.90211472028696,50.90211472028696,0.025530261933453466,0.023,variance_ratio_squared,48.000000000000284,0,0,0,0,72,0
random,35,51.78128530214,51.78128530214,51.78128530214,0.02587406311570115,0.023,variance_ratio_squared,48.000000000000284,0,0,0,0,72,0
random,36,51.729182256683366,51.729182256683366,51.729182256683366,0.02592372598493072,0.023,variance_ratio_squared,48.000000000000284,0,0,0,0,72,0
random,37,50.589271166956934,50.589271166956934,50.589271166956934,0.02576283631962334,0.023,variance_ratio_squared,48.000000000000284,0,0,0,0,72,0
random,38,49.331893653789336,49.331893653789336,49.331893653789336,0.02550660129857773,0.023,variance_ratio_squared,48.000000000000284,0,0,0,0,72,0
random,39,49.61612665870918,49.61612665870918,49.61612665870918,0.025506047801341466,0.023,variance_ratio_squared,48.000000000000284,0,0,0,0,72,0
random,40,49.810249406512376,49.810249406512376,49.810249406512376,0.0256553159854654,0.023,variance_ratio_squared,48.000000000000284,0,0,0,0,72,0
random,41,50.28455661514076,50.28455661514076,50.28455661514076,0.025828130688637794,0.023,variance_ratio_squared,48.000000000000284,0,0,0,0,72,0
random,42,49.32672316868257,49.32672316868257,49.32672316868257,0.025629726316195655,0.023,variance_ratio_squared,48.000000000000284,0,0,0,0,72,0
random,43,49.4293445124197,49.4293445124197,49.4293445124197,0.025649590197970862,0.023,variance_ratio_squared,48.000000000000284,0,0,0,0,72,0
random,44,49.95002242468375,49.95002242468375,49.95002242468375,0.02581158287002287,0.023,variance_ratio_squared,48.000000000000284,0,0,0,0,72,0
random,45,50.07244463119732,50.07244463119732,50.07244463119732,0.025763542737721194,0.023,variance_ratio_squared,48.000000000000284,0,0,0,0,72,0
random,46,50.256486524790965,50.256486524790965,50.256486524790965,0.025738673419522046,0.023,variance_ratio_squared,48.000000000000284,0,0,0,0,72,0
random,47,50.716612823374476,50.716612823374476,50.716612823374476,0.02575711193572948,0.023,variance_ratio_squared,48.000000000000284,0,0,0,0,72,0
random,48,51.49287123128892,51.49287123128892,51.49287123128892,0.025876139173190288,0.023,variance_ratio_squared,48.000000000000284,0,0,0,0,72,0
random,49,51.901592207718714,51.901592207718714,51.901592207718714,0.02585381818560044,0.023,variance_ratio_squared,48.000000000000284,0,0,0,0,72,0
random,50,52.02010566590488,52.02010566590488,52.02010566590488,0.025802304329443585,0.023,variance_ratio_squared,48.000000000000284,0,0,0,0,72,0
random,51,51.24055784781839,51.24055784781839,51.24055784781839,0.025772580640625722,0.023,variance_ratio_squared,48.000000000000284,0,0,0,0,72,0
random,52,51.888088655295235,51.888088655295235,51.888088655295235,0.025825865398357264,0.023,variance_ratio_squared,48.000000000000284,0,0,0,0,72,0
random,53,52.14952127914489,52.14952127914489,52.14952127914489,0.02584071411632452,0.023,variance_ratio_squared,48.000000000000284,6,0,6,0,72,1
random,54,51.847002463147085,51.847002463147085,51.847002463147085,0.025926852343870266,0.023,variance_ratio_squared,48.000000000000284,6,0,6,0,72,1
random,55,51.74768296008595,51.74768296008595,51.74768296008595,0.026035520417277525,0.023,variance_ratio_squared,48.000000000000284,6,0,6,0,72,1
random,56,52.24958419547201,52.24958419547201,52.24958419547201,0.026069449016205243,0.023,variance_ratio_squared,48.000000000000284,6,0,6,0,72,1
random,57,52.09789473926052,52.09789473926052,52.09789473926052,0.026116171536372447,0.023,variance_ratio_squared,48.000000000000284,12,0,9,0,72,2
random,58,51.26452465202809,51.26452465202809,51.26452465202809,0.025852775242895712,0.023,variance_ratio_squared,48.000000000000284,12,0,9,0,72,2
random,59,51.772270904797175,51.772270904797175,51.772270904797175,0.02600665576633005,0.023,variance_ratio_squared,48.000000000000284,12,0,9,0,72,2
random,60,53.07298419261002,53.07298419261002,53.07298419261002,0.026383445444983843,0.023,variance_ratio_squared,48.000000000000284,25,0,20,0,72,4
random,61,53.10737381462023,53.10737381462023,53.10737381462023,0.026466992051343206,0.023,variance_ratio_squared,48.000000000000284,25,0,20,0,72,4
random,62,51.79383626726137,51.79383626726137,51.79383626726137,0.026185958505405966,0.023,variance_ratio_squared,48.000000000000284,25,0,20,0,72,4
random,63,52.388342384187006,52.388342384187006,52.388342384187006,0.026239517805387143,0.023,variance_ratio_squared,48.000000000000284,25,0,20,0,72,4
random,64,51.62240092199803,51.62240092199803,51.62240092199803,0.02615787349110703,0.023,variance_ratio_squared,48.000000000000284,25,0,20,0,72,4
random,65,51.30733219254802,51.30733219254802,51.30733219254802,0.026061722195876925,0.023,variance_ratio_squared,48.000000000000284,25,0,20,0,72,4
random,66,51.14901449163406,51.14901449163406,51.14901449163406,0.026089955175960196,0.023,variance_ratio_squared,48.000000000000284,25,0,20,0,72,4
random,67,51.728456863573896,51.728456863573896,51.728456863573896,0.026197857693163584,0.023,variance_ratio_squared,48.000000000000284,25,0,20,0,72,4
random,68,52.15666810797611,52.15666810797611,52.15666810797611,0.0262085631583673,0.023,variance_ratio_squared,48.000000000000284,25,0,20,0,72,4
random,69,52.82878392884385,52.82878392884385,52.82878392884385,0.026439824361804608,0.023,variance_ratio_squared,48.000000000000284,25,0,20,0,72,4
random,70,54.130117729659894,54.130117729659894,54.130117729659894,0.026712585861302266,0.023,variance_ratio_squared,48.000000000000284,25,0,20,0,72,4
random,71,57.110362665210225,57.110362665210225,57.110362665210225,0.027078593586999013,0.023,variance_ratio_squared,48.000000000000284,32,0,27,0,72,5
random,72,56.4667099752739,56.4667099752739,56.4667099752739,0.02699262583699132,0.023,variance_ratio_squared,48.000000000000284,32,0,27,0,72,5
random,73,56.81540912469541,56.81540912469541,56.81540912469541,0.027150040072800485,0.023,variance_ratio_squared,48.000000000000284,32,0,27,0,72,5
random,74,57.28802207781149,57.28802207781149,57.28802207781149,0.027145256058172786,0.023,variance_ratio_squared,48.000000000000284,32,0,27,0,72,5
random,75,57.54070622993162,57.54070622993162,57.54070622993162,0.027241596268402706,0.023,variance_ratio_squared,48.000000000000284,32,0,27,0,72,5
random,76,57.28348026107325,57.28348026107325,57.28348026107325,0.02713112579431349,0.023,variance_ratio_squared,48.000000000000284,32,0,27,0,72,5
random,77,57.1491126409394,57.1491126409394,57.1491126409394,0.027123099829394114,0.023,variance_ratio_squared,48.000000000000284,32,0,27,0,72,5
random,78,55.88190420680052,55.88190420680052,55.88190420680052,0.02677902072255241,0.023,variance_ratio_squared,48.000000000000284,32,0,27,0,72,5
random,79,55.92945939657373,55.92945939657373,55.92945939657373,0.026896460262602152,0.023,variance_ratio_squared,48.000000000000284,38,0,28,0,72,6
random,80,57.82257373714573,57.82257373714573,57.82257373714573,0.027256645941394052,0.023,variance_ratio_squared,48.000000000000284,38,0,28,0,72,6
random,81,58.45718403082506,58.45718403082506,58.45718403082506,0.027529343853906294,0.023,variance_ratio_squared,48.000000000000284,38,0,28,0,72,6
random,82,58.49952619214933,58.49952619214933,58.49952619214933,0.027518246458455006,0.023,variance_ratio_squared,48.000000000000284,38,0,28,0,72,6
random,83,58.1225563970144,58.1225563970144,58.1225563970144,0.02746390753542473,0.023,variance_ratio_squared,48.000000000000284,38,0,28,0,72,6
random,84,57.93870691597185,57.93870691597185,57.93870691597185,0.027324636959446095,0.023,variance_ratio_squared,48.000000000000284,38,0,28,0,72,6
random,85,57.90447530068136,57.90447530068136,57.90447530068136,0.027304688017527296,0.023,variance_ratio_squared,48.000000000000284,38,0,28,0,72,6
random,86,56.2486286546687,56.2486286546687,56.2486286546687,0.027032871458102577,0.023,variance_ratio_squared,48.000000000000284,38,0,28,0,72,6
random,87,55.91839980984024,55.91839980984024,55.91839980984024,0.026997052266707726,0.023,variance_ratio_squared,48.000000000000284,38,0,28,0,72,6
random,88,56.10530272659834,56.10530272659834,56.10530272659834,0.027124983876042008,0.023,variance_ratio_squared,48.000000000000284,38,0,28,0,72,6
random,89,57.43250368906072,57.43250368906072,57.43250368906072,0.027367504092365515,0.023,variance_ratio_squared,48.000000000000284,38,0,28,0,72,6
random,90,57.52383842127132,57.52383842127132,57.52383842127132,0.027332945151356116,0.023,variance_ratio_squared,48.000000000000284,38,0,28,0,72,6
random,91,58.41674680945789,58.41674680945789,58.41674680945789,0.0275360816607924,0.023,variance_ratio_squared,48.000000000000284,38,0,28,0,72,6
random,92,58.72436449755249,58.72436449755249,58.72436449755249,0.027676981565746623,0.023,variance_ratio_squared,48.000000000000284,38,0,28,0,72,6
random,93,58.10265100198204,58.10265100198204,58.10265100198204,0.02753843987305485,0.023,variance_ratio_squared,48.000000000000284,38,0,28,0,72,6
random,94,58.7663618831404,58.7663618831404,58.7663618831404,0.02762523527027708,0.023,variance_ratio_squared,48.000000000000284,38,0,28,0,72,6
random,95,59.6869336489817,59.6869336489817,59.6869336489817,0.027742959086900613,0.023,variance_ratio_squared,48.000000000000284,38,0,28,0,72,6
random,96,60.46057720229422,60.46057720229422,60.46057720229422,0.027816658410726756,0.023,variance_ratio_squared,48.000000000000284,38,0,28,0,72,6
random,97,60.81893957808103,60.81893957808103,60.81893957808103,0.02774311566799369,0.023,variance_ratio_squared,48.000000000000284,38,0,28,0,72,6
random,98,61.28345554550561,61.28345554550561,61.28345554550561,0.027865347495603307,0.023,variance_ratio_squared,48.000000000000284,38,0,28,0,72,6
random,99,63.40751286593713,63.40751286593713,63.40751286593713,0.02831890304063882,0.023,variance_ratio_squared,48.000000000000284,38,0,28,0,72,6
random,100,63.584091823414944,63.584091823414944,63.584091823414944,0.028389525310965544,0.023,variance_ratio_squared,48.000000000000284,38,0,28,0,72,6
random,101,64.15723531953769,64.15723531953769,64.15723531953769,0.028465545568894808,0.023,variance_ratio_squared,48.000000000000284,38,0,28,0,72,6
random,102,64.19038770957572,64.19038770957572,64.19038770957572,0.028399296235705244,0.023,variance_ratio_squared,48.000000000000284,38,0,28,0,72,6
random,103,62.926260689615916,62.926260689615916,62.926260689615916,0.028271395855667018,0.023,variance_ratio_squared,48.000000000000284,38,0,28,0,72,6
random,104,63.1441418459731,63.1441418459731,63.1441418459731,0.028369402063546885,0.023,variance_ratio_squared,48.000000000000284,38,0,28,0,72,6
random,105,62.93391089995807,62.93391089995807,62.93391089995807,0.028435621648688087,0.023,variance_ratio_squared,48.000000000000284,38,0,28,0,72,6
random,106,62.80843379985815,62.80843379985815,62.80843379985815,0.02846279681299616,0.023,variance_ratio_squared,48.000000000000284,38,0,28,0,72,6
random,107,63.47597257713149,63.47597257713149,63.47597257713149,0.028624727392630358,0.023,variance_ratio_squared,48.000000000000284,38,0,28,0,72,6
random,108,63.627081838986854,63.627081838986854,63.627081838986854,0.028685216313330177,0.023,variance_ratio_squared,48.000000000000284,38,0,28,0,72,6
random,109,63.84707225329985,63.84707225329985,63.84707225329985,0.028643884161442076,0.023,variance_ratio_squared,48.000000000000284,38,0,28,0,72,6
random,110,64.20706445122903,64.20706445122903,64.20706445122903,0.028740775081700164,0.023,variance_ratio_squared,48.000000000000284,38,0,28,0,72,6
random,111,64.43698011793009,64.43698011793009,64.43698011793009,0.02863315714100331,0.023,variance_ratio_squared,48.000000000000284,38,0,28,0,72,6
random,112,66.51824013415852,66.51824013415852,66.51824013415852,0.02902382818401607,0.023,variance_ratio_squared,48.000000000000284,38,0,28,0,72,6
random,113,66.20868921398184,66.20868921398184,66.20868921398184,0.029038686395020833,0.023,variance_ratio_squared,48.000000000000284,38,0,28,0,72,6
random,114,65.92565012393142,65.92565012393142,65.92565012393142,0.029039057894868523,0.023,variance_ratio_squared,48.000000000000284,38,0,28,0,72,6
random,115,65.9258656838253,65.9258656838253,65.9258656838253,0.028974766269558676,0.023,variance_ratio_squared,48.000000000000284,38,0,28,0,72,6
random,116,65.4914103024901,65.4914103024901,65.4914103024901,0.028905097611487542,0.023,variance_ratio_squared,48.000000000000284,38,0,28,0,72,6
random,117,65.79036661377339,65.79036661377339,65.79036661377339,0.028980754993551575,0.023,variance_ratio_squared,48.000000000000284,38,0,28,0,72,6
random,118,66.0613122748175,66.0613122748175,66.0613122748175,0.02896493551868801,0.023,variance_ratio_squared,48.000000000000284,38,0,28,0,72,6
random,119,66.67516301966778,66.67516301966778,66.67516301966778,0.0291224593866954,0.023,variance_ratio_squared,48.000000000000284,38,0,28,0,72,6
sequential,0,50.01194040140767,50.01194040140767,50.01194040140767,0.024451193637519845,0.023,variance_ratio_squared,48.000000000000284,0,0,0,0,72,0
sequential,1,48.96314170292473,48.96314170292473,48.96314170292473,0.024259346611807935,0.023,variance_ratio_squared,48.000000000000284,0,0,0,0,72,0
sequential,2,49.48016187033222,49.48016187033222,49.48016187033222,0.024393369592794773,0.023,variance_ratio_squared,48.000000000000284,0,0,0,0,72,0
sequential,3,49.76675373518664,49.76675373518664,49.76675373518664,0.02458077663300102,0.023,variance_ratio_squared,48.000000000000284,0,0,0,0,72,0
sequential,4,48.804019661949816,48.804019661949816,48.804019661949816,0.024404057964006506,0.023,variance_ratio_squared,48.000000000000284,0,0,0,0,72,0
sequential,5,47.69439918573451,47.69439918573451,47.69439918573451,0.02416850619157863,0.023,variance_ratio_squared,48.000000000000284,0,0,0,0,72,0
sequential,6,47.81306235847273,47.81306235847273,47.81306235847273,0.02440365520713815,0.023,variance_ratio_squared,48.000000000000284,0,0,0,0,72,0
sequential,7,47.899471799061224,47.899471799061224,47.899471799061224,0.024375693361559612,0.023,variance_ratio_squared,48.000000000000284,0,0,0,0,72,0
sequential,8,48.470387658524785,48.470387658524785,48.470387658524785,0.024522857865200056,0.023,variance_ratio_squared,48.000000000000284,0,0,0,0,72,0
sequential,9,48.59996791871662,48.59996791871662,48.59996791871662,0.024655199483937455,0.023,variance_ratio_squared,48.000000000000284,0,0,0,0,72,0
sequential,10,49.233501717345895,49.233501717345895,49.233501717345895,0.024704015615633335,0.023,variance_ratio_squared,48.000000000000284,0,0,0,0,72,0
sequential,11,49.05317947791485,49.05317947791485,49.05317947791485,0.024672510615139153,0.023,variance_ratio_squared,48.000000000000284,0,0,0,0,72,0
sequential,12,48.83180652226586,48.83180652226586,48.83180652226586,0.02463612536149252,0.023,variance_ratio_squared,48.000000000000284,0,0,0,0,72,0
sequential,13,49.902380884333866,49.902380884333866,49.902380884333866,0.02480455873366134,0.023,variance_ratio_squared,48.000000000000284,0,0,0,0,72,0
sequential,14,51.1080579377161,51.1080579377161,51.1080579377161,0.025058915723125814,0.023,variance_ratio_squared,48.000000000000284,0,0,0,0,72,0
sequential,15,52.15652992155386,52.15652992155386,52.15652992155386,0.025335619157761304,0.023,variance_ratio_squared,48.000000000000284,0,0,0,0,72,0
sequential,16,50.882238601537324,50.882238601537324,50.882238601537324,0.025171510897022995,0.023,variance_ratio_squared,48.000000000000284,0,0,0,0,72,0
sequential,17,50.7665653032013,50.7665653032013,50.7665653032013,0.025103325157552495,0.023,variance_ratio_squared,48.000000000000284,0,0,0,0,72,0
sequential,18,51.15923028464154,51.15923028464154,51.15923028464154,0.025135387405984082,0.023,variance_ratio_squared,48.000000000000284,0,0,0,0,72,0
sequential,19,52.07096899868877,52.07096899868877,52.07096899868877,0.025311628453387667,0.023,variance_ratio_squared,48.000000000000284,0,0,0,0,72,0
sequential,20,52.04657895487634,52.04657895487634,52.04657895487634,0.025336662328484322,0.023,variance_ratio_squared,48.000000000000284,0,0,0,0,72,0
sequential,21,52.14864844133405,52.14864844133405,52.14864844133405,0.025471913551593305,0.023,variance_ratio_squared,48.000000000000284,0,0,0,0,72,0
sequential,22,53.3089578279206,53.3089578279206,53.3089578279206,0.025619034374800644,0.023,variance_ratio_squared,48.000000000000284,0,0,0,0,72,0
sequential,23,51.465992368415854,51.465992368415854,51.465992368415854,0.025316509102525028,0.023,variance_ratio_squared,48.000000000000284,0,0,0,0,72,0
sequential,24,50.552067671353036,50.552067671353036,50.552067671353036,0.025286113365465646,0.023,variance_ratio_squared,48.000000000000284,0,0,0,0,72,0
sequential,25,50.94681216524475,50.94681216524475,50.94681216524475,0.025337922692144136,0.023,variance_ratio_squared,48.000000000000284,0,0,0,0,72,0
sequential,26,50.62868424058032,50.62868424058032,50.62868424058032,0.024997106243662234,0.023,variance_ratio_squared,48.000000000000284,0,0,0,0,72,0
sequential,27,51.04346158064381,51.04346158064381,51.04346158064381,0.02520480407031152,0.023,variance_ratio_squared,48.000000000000284,0,0,0,0,72,0
sequential,28,50.61053891653542,50.61053891653542,50.61053891653542,0.02513978794580208,0.023,variance_ratio_squared,48.000000000000284,0,0,0,0,72,0
sequential,29,49.71922259499679,49.71922259499679,49.71922259499679,0.024974632998021135,0.023,variance_ratio_squared,48.000000000000284,0,0,0,0,72,0
sequential,30,49.557812348791764,49.557812348791764,49.557812348791764,0.02501224002023658,0.023,variance_ratio_squared,48.000000000000284,0,0,0,0,72,0
sequential,31,51.412486922048075,51.412486922048075,51.412486922048075,0.025395915104663016,0.023,variance_ratio_squared,48.000000000000284,0,0,0,0,72,0
sequential,32,51.53402704799166,51.53402704799166,51.53402704799166,0.025450376874432305,0.023,variance_ratio_squared,48.000000000000284,0,0,0,0,72,0
sequential,33,50.11667223760299,50.11667223760299,50.11667223760299,0.02528100873269429,0.023,variance_ratio_squared,48.000000000000284,0,0,0,0,72,0
sequential,34,50.363110427932114,50.363110427932114,50.363110427932114,0.025321547782930793,0.023,variance_ratio_squared,48.000000000000284,0,0,0,0,72,0
sequential,35,51.68543914190386,51.68543914190386,51.68543914190386,0.025592846767857388,0.023,variance_ratio_squared,48.000000000000284,0,0,0,0,72,0
sequential,36,51.86342020074692,51.86342020074692,51.86342020074692,0.025652009586355273,0.023,variance_ratio_squared,48.000000000000284,0,0,0,0,72,0
sequential,37,51.95335114545062,51.95335114545062,51.95335114545062,0.025484739834422124,0.023,variance_ratio_squared,48.000000000000284,0,0,0,0,72,0
sequential,38,51.29934097967542,51.29934097967542,51.29934097967542,0.025325968466737726,0.023,variance_ratio_squared,48.000000000000284,0,0,0,0,72,0
sequential,39,50.596214347927884,50.596214347927884,50.596214347927884,0.02532460112526829,0.023,variance_ratio_squared,48.000000000000284,0,0,0,0,72,0
sequential,40,51.7496161820458,51.7496161820458,51.7496161820458,0.025488251824192946,0.023,variance_ratio_squared,48.000000000000284,0,0,0,0,72,0
sequential,41,53.20747551806494,53.20747551806494,53.20747551806494,0.025649114359086393,0.023,variance_ratio_squared,48.000000000000284,0,0,0,0,72,0
sequential,42,52.125120438218154,52.125120438218154,52.125120438218154,0.025364216398812263,0.023,variance_ratio_squared,48.000000000000284,0,0,0,0,72,0
sequential,43,52.611879285799766,52.611879285799766,52.611879285799766,0.02541489690379125,0.023,variance_ratio_squared,48.000000000000284,0,0,0,0,72,0
sequential,44,53.29855941331012,53.29855941331012,53.29855941331012,0.025535139368392697,0.023,variance_ratio_squared,48.000000000000284,0,0,0,0,72,0
sequential,45,52.81894357813577,52.81894357813577,52.81894357813577,0.025515981289972588,0.023,variance_ratio_squared,48.000000000000284,0,0,0,0,72,0
sequential,46,52.54571445479289,52.54571445479289,52.54571445479289,0.025458662469757802,0.023,variance_ratio_squared,48.000000000000284,0,0,0,0,72,0
sequential,47,52.42596574856556,52.42596574856556,52.42596574856556,0.025446930489887016,0.023,variance_ratio_squared,48.000000000000284,0,0,0,0,72,0
sequential,48,53.05390295510888,53.05390295510888,53.05390295510888,0.02556765656303143,0.023,variance_ratio_squared,48.000000000000284,0,0,0,0,72,0
sequential,49,52.55042682590117,52.55042682590117,52.55042682590117,0.02551039871104174,0.023,variance_ratio_squared,48.000000000000284,0,0,0,0,72,0
sequential,50,52.62320856106321,52.62320856106321,52.62320856106321,0.025525682386811143,0.023,variance_ratio_squared,48.000000000000284,0,0,0,0,72,0
sequential,51,53.34933995314057,53.34933995314057,53.34933995314057,0.02547447787291045,0.023,variance_ratio_squared,48.000000000000284,0,0,0,0,72,0
sequential,52,53.006194971179966,53.006194971179966,53.006194971179966,0.025508573501637998,0.023,variance_ratio_squared,48.000000000000284,0,0,0,0,72,0
sequential,53,52.622884193272746,52.622884193272746,52.622884193272746,0.025521679635230027,0.023,variance_ratio_squared,48.000000000000284,6,0,6,0,72,1
sequential,54,53.79123220309107,53.79123220309107,53.79123220309107,0.025572346569086118,0.023,variance_ratio_squared,48.000000000000284,6,0,6,0,72,1
sequential,55,54.66842030754994,54.66842030754994,54.66842030754994,0.025723180527734202,0.023,variance_ratio_squared,48.000000000000284,6,0,6,0,72,1
sequential,56,54.781289959747404,54.781289959747404,54.781289959747404,0.025834529351214566,0.023,variance_ratio_squared,48.000000000000284,6,0,6,0,72,1
sequential,57,55.41920009151169,55.41920009151169,55.41920009151169,0.025906031189337684,0.023,variance_ratio_squared,48.000000000000284,12,0,11,0,72,2
sequential,58,53.774363902488886,53.774363902488886,53.774363902488886,0.0255893966103741,0.023,variance_ratio_squared,48.000000000000284,12,0,11,0,72,2
sequential,59,54.77527423160625,54.77527423160625,54.77527423160625,0.025789587017111575,0.023,variance_ratio_squared,48.000000000000284,12,0,11,0,72,2
sequential,60,56.71107488138474,56.71107488138474,56.71107488138474,0.026239130705629197,0.023,variance_ratio_squared,48.000000000000284,25,0,24,0,72,4
sequential,61,57.26959839031928,57.26959839031928,57.26959839031928,0.02629643999029267,0.023,variance_ratio_squared,48.000000000000284,25,0,24,0,72,4
sequential,62,56.19980040036113,56.19980040036113,56.19980040036113,0.02604246344112887,0.023,variance_ratio_squared,48.000000000000284,25,0,24,0,72,4
sequential,63,55.84749633198549,55.84749633198549,55.84749633198549,0.026064821678496074,0.023,variance_ratio_squared,48.000000000000284,25,0,24,0,72,4
sequential,64,56.10714214249576,56.10714214249576,56.10714214249576,0.02598261230596635,0.023,variance_ratio_squared,48.000000000000284,25,0,24,0,72,4
sequential,65,56.046455389370074,56.046455389370074,56.046455389370074,0.025875009149613715,0.023,variance_ratio_squared,48.000000000000284,25,0,24,0,72,4
sequential,66,56.46675805556328,56.46675805556328,56.46675805556328,0.025917191427212303,0.023,variance_ratio_squared,48.000000000000284,25,0,24,0,72,4
sequential,67,57.301500298814354,57.301500298814354,57.301500298814354,0.026019148269611745,0.023,variance_ratio_squared,48.000000000000284,25,0,24,0,72,4
sequential,68,56.48323510548699,56.48323510548699,56.48323510548699,0.026069524473921874,0.023,variance_ratio_squared,48.000000000000284,25,0,24,0,72,4
sequential,69,57.44754741707701,57.44754741707701,57.44754741707701,0.026323316860197482,0.023,variance_ratio_squared,48.000000000000284,25,0,24,0,72,4
sequential,70,58.1937786567381,58.1937786567381,58.1937786567381,0.026562781614892544,0.023,variance_ratio_squared,48.000000000000284,25,0,24,0,72,4
sequential,71,59.37087418954388,59.37087418954388,59.37087418954388,0.026880224277542112,0.023,variance_ratio_squared,48.000000000000284,32,0,31,0,72,5
sequential,72,59.40891890834125,59.40891890834125,59.40891890834125,0.026806614437721383,0.023,variance_ratio_squared,48.000000000000284,32,0,31,0,72,5
sequential,73,60.922910430337765,60.922910430337765,60.922910430337765,0.02694213120075473,0.023,variance_ratio_squared,48.000000000000284,32,0,31,0,72,5
sequential,74,60.531266091219074,60.531266091219074,60.531266091219074,0.02692763116369663,0.023,variance_ratio_squared,48.000000000000284,32,0,31,0,72,5
sequential,75,61.55625599689486,61.55625599689486,61.55625599689486,0.027060075616540235,0.023,variance_ratio_squared,48.000000000000284,32,0,31,0,72,5
sequential,76,60.99658748991129,60.99658748991129,60.99658748991129,0.026966450107172326,0.023,variance_ratio_squared,48.000000000000284,32,0,31,0,72,5
sequential,77,61.07049742270313,61.07049742270313,61.07049742270313,0.026970884618394027,0.023,variance_ratio_squared,48.000000000000284,32,0,31,0,72,5
sequential,78,58.95181819256306,58.95181819256306,58.95181819256306,0.02665574877030934,0.023,variance_ratio_squared,48.000000000000284,32,0,31,0,72,5
sequential,79,59.96718716897032,59.96718716897032,59.96718716897032,0.026716040095919824,0.023,variance_ratio_squared,48.000000000000284,38,0,31,0,72,6
sequential,80,61.80760058930994,61.80760058930994,61.80760058930994,0.02710241554297163,0.023,variance_ratio_squared,48.000000000000284,38,0,31,0,72,6
sequential,81,64.51067329561265,64.51067329561265,64.51067329561265,0.027369852298997424,0.023,variance_ratio_squared,48.000000000000284,38,0,31,0,72,6
sequential,82,64.14653473048594,64.14653473048594,64.14653473048594,0.02727911168620949,0.023,variance_ratio_squared,48.000000000000284,38,0,31,0,72,6
sequential,83,63.962894853089026,63.962894853089026,63.962894853089026,0.027192703442368914,0.023,variance_ratio_squared,48.000000000000284,38,0,31,0,72,6
sequential,84,63.52628634942791,63.52628634942791,63.52628634942791,0.02704462002985099,0.023,variance_ratio_squared,48.000000000000284,38,0,31,0,72,6
sequential,85,63.46035166580885,63.46035166580885,63.46035166580885,0.026999304331347656,0.023,variance_ratio_squared,48.000000000000284,38,0,31,0,72,6
sequential,86,63.438835426505506,63.438835426505506,63.438835426505506,0.026762663805303417,0.023,variance_ratio_squared,48.000000000000284,38,0,31,0,72,6
sequential,87,63.26081155280848,63.26081155280848,63.26081155280848,0.02674249091850463,0.023,variance_ratio_squared,48.000000000000284,38,0,31,0,72,6
sequential,88,63.60746025126605,63.60746025126605,63.60746025126605,0.026827819278170267,0.023,variance_ratio_squared,48.000000000000284,38,0,31,0,72,6
sequential,89,63.68292813736348,63.68292813736348,63.68292813736348,0.027076325204112264,0.023,variance_ratio_squared,48.000000000000284,38,0,31,0,72,6
sequential,90,64.4194152848956,64.4194152848956,64.4194152848956,0.02711421724153656,0.023,variance_ratio_squared,48.000000000000284,38,0,31,0,72,6
sequential,91,65.10517680091206,65.10517680091206,65.10517680091206,0.027321680141401267,0.023,variance_ratio_squared,48.000000000000284,38,0,31,0,72,6
sequential,92,65.80819774921474,65.80819774921474,65.80819774921474,0.02747587489483646,0.023,variance_ratio_squared,48.000000000000284,38,0,31,0,72,6
sequential,93,65.09396555308157,65.09396555308157,65.09396555308157,0.027315116927930785,0.023,variance_ratio_squared,48.000000000000284,38,0,31,0,72,6
sequential,94,64.53423221137251,64.53423221137251,64.53423221137251,0.027369272646849675,0.023,variance_ratio_squared,48.000000000000284,38,0,31,0,72,6
sequential,95,64.40635693238586,64.40635693238586,64.40635693238586,0.02742683119440222,0.023,variance_ratio_squared,48.000000000000284,38,0,31,0,72,6
sequential,96,64.3632882271031,64.3632882271031,64.3632882271031,0.027505389922408356,0.023,variance_ratio_squared,48.000000000000284,38,0,31,0,72,6
sequential,97,63.003118896421206,63.003118896421206,63.003118896421206,0.027393705363524753,0.023,variance_ratio_squared,48.000000000000284,38,0,31,0,72,6
sequential,98,63.46141395470976,63.46141395470976,63.46141395470976,0.02745929998798032,0.023,variance_ratio_squared,48.000000000000284,38,0,31,0,72,6
sequential,99,65.31572441617757,65.31572441617757,65.31572441617757,0.02786809807259023,0.023,variance_ratio_squared,48.000000000000284,38,0,31,0,72,6
sequential,100,65.67510499873869,65.67510499873869,65.67510499873869,0.027924158293549314,0.023,variance_ratio_squared,48.000000000000284,38,0,31,0,72,6
sequential,101,65.73835587987581,65.73835587987581,65.73835587987581,0.027950892661508808,0.023,variance_ratio_squared,48.000000000000284,38,0,31,0,72,6
sequential,102,64.85083521349593,64.85083521349593,64.85083521349593,0.027902442255386004,0.023,variance_ratio_squared,48.000000000000284,38,0,31,0,72,6
sequential,103,65.19601481702809,65.19601481702809,65.19601481702809,0.02776472105757415,0.023,variance_ratio_squared,48.000000000000284,38,0,31,0,72,6
sequential,104,66.10512129657397,66.10512129657397,66.10512129657397,0.02786837386768571,0.023,variance_ratio_squared,48.000000000000284,38,0,31,0,72,6
sequential,105,66.74049620908009,66.74049620908009,66.74049620908009,0.02793820181860645,0.023,variance_ratio_squared,48.000000000000284,38,0,31,0,72,6
sequential,106,67.129568773205,67.129568773205,67.129568773205,0.027969942679632098,0.023,variance_ratio_squared,48.000000000000284,38,0,31,0,72,6
sequential,107,67.23008944543031,67.23008944543031,67.23008944543031,0.02811208828652328,0.023,variance_ratio_squared,48.000000000000284,38,0,31,0,72,6
sequential,108,67.27642707199355,67.27642707199355,67.27642707199355,0.02814975720840183,0.023,variance_ratio_squared,48.000000000000284,38,0,31,0,72,6
sequential,109,67.3988935878029,67.3988935878029,67.3988935878029,0.028167075338589042,0.023,variance_ratio_squared,48.000000000000284,38,0,31,0,72,6
sequential,110,67.37885176831912,67.37885176831912,67.37885176831912,0.02824538732817941,0.023,variance_ratio_squared,48.000000000000284,38,0,31,0,72,6
sequential,111,66.07412892098525,66.07412892098525,66.07412892098525,0.028159891843196616,0.023,variance_ratio_squared,48.000000000000284,38,0,31,0,72,6
sequential,112,66.98436327387397,66.98436327387397,66.98436327387397,0.028532383506324418,0.023,variance_ratio_squared,48.000000000000284,38,0,31,0,72,6
sequential,113,67.81945157782766,67.81945157782766,67.81945157782766,0.028554927266211234,0.023,variance_ratio_squared,48.000000000000284,38,0,31,0,72,6
sequential,114,68.57346740098248,68.57346740098248,68.57346740098248,0.028594968402643684,0.023,variance_ratio_squared,48.000000000000284,38,0,31,0,72,6
sequential,115,68.32160068121736,68.32160068121736,68.32160068121736,0.02853724237943193,0.023,variance_ratio_squared,48.000000000000284,38,0,31,0,72,6
sequential,116,69.29781783896588,69.29781783896588,69.29781783896588,0.02849331766373895,0.023,variance_ratio_squared,48.000000000000284,38,0,31,0,72,6
sequential,117,68.99411178768631,68.99411178768631,68.99411178768631,0.028536104167359362,0.023,variance_ratio_squared,48.000000000000284,38,0,31,0,72,6
sequential,118,67.99688754950391,67.99688754950391,67.99688754950391,0.028551641114778512,0.023,variance_ratio_squared,48.000000000000284,38,0,31,0,72,6
sequential,119,68.93106934389768,68.93106934389768,68.93106934389768,0.02872285371438585,0.023,variance_ratio_squared,48.000000000000284,38,0,31,0,72,6
hardware_only,0,33.97554067439904,33.97554067439904,33.97554067439904,0.023511856440073333,0.023,variance_ratio_squared,48.000000000000284,0,0,0,0,72,0
hardware_only,1,33.38161759054009,33.38161759054009,33.38161759054009,0.023320126939399707,0.023,variance_ratio_squared,48.000000000000284,0,0,0,0,72,0
hardware_only,2,33.82013618265816,33.82013618265816,33.82013618265816,0.023470353283119416,0.023,variance_ratio_squared,48.000000000000284,0,0,0,0,72,0
hardware_only,3,34.10251315499047,34.10251315499047,34.10251315499047,0.023607657510534237,0.023,variance_ratio_squared,48.000000000000284,0,0,0,0,72,0
hardware_only,4,33.69844242173949,33.69844242173949,33.69844242173949,0.023441699185421373,0.023,variance_ratio_squared,48.000000000000284,0,0,0,0,72,0
hardware_only,5,32.995940947959184,32.995940947959184,32.995940947959184,0.023253139769419586,0.023,variance_ratio_squared,48.000000000000284,0,0,0,0,72,0
hardware_only,6,33.73842055479228,33.73842055479228,33.73842055479228,0.023477501097078315,0.023,variance_ratio_squared,48.000000000000284,0,0,0,0,72,0
hardware_only,7,33.779109377256525,33.779109377256525,33.779109377256525,0.02346085670734113,0.023,variance_ratio_squared,48.000000000000284,0,0,0,0,72,0
hardware_only,8,34.13425288797329,34.13425288797329,34.13425288797329,0.023600339669348908,0.023,variance_ratio_squared,48.000000000000284,0,0,0,0,72,0
hardware_only,9,34.26650412337048,34.26650412337048,34.26650412337048,0.02373100934277977,0.023,variance_ratio_squared,48.000000000000284,0,0,0,0,72,0
hardware_only,10,34.4131476383967,34.4131476383967,34.4131476383967,0.023751408978513848,0.023,variance_ratio_squared,48.000000000000284,0,0,0,0,72,0
hardware_only,11,34.08041733500718,34.08041733500718,34.08041733500718,0.023739303589458964,0.023,variance_ratio_squared,48.000000000000284,0,0,0,0,72,0
hardware_only,12,33.94813952869036,33.94813952869036,33.94813952869036,0.023727050356495943,0.023,variance_ratio_squared,48.000000000000284,0,0,0,0,72,0
hardware_only,13,34.5526501905988,34.5526501905988,34.5526501905988,0.02387510877435684,0.023,variance_ratio_squared,48.000000000000284,0,0,0,0,72,0
hardware_only,14,35.28907300292753,35.28907300292753,35.28907300292753,0.024114140878644674,0.023,variance_ratio_squared,48.000000000000284,0,0,0,0,72,0
hardware_only,15,36.06327640328262,36.06327640328262,36.06327640328262,0.024358124721576148,0.023,variance_ratio_squared,48.000000000000284,0,0,0,0,72,0
hardware_only,16,35.40713640208772,35.40713640208772,35.40713640208772,0.024187255231858135,0.023,variance_ratio_squared,48.000000000000284,0,0,0,0,72,0
hardware_only,17,35.17393529609047,35.17393529609047,35.17393529609047,0.024097644182546264,0.023,variance_ratio_squared,48.000000000000284,0,0,0,0,72,0
hardware_only,18,35.64057076047698,35.64057076047698,35.64057076047698,0.024102428747740958,0.023,variance_ratio_squared,48.000000000000284,0,0,0,0,72,0
hardware_only,19,36.06994254427519,36.06994254427519,36.06994254427519,0.024288120554595827,0.023,variance_ratio_squared,48.000000000000284,0,0,0,0,72,0
hardware_only,20,36.299745927856755,36.299745927856755,36.299745927856755,0.024313545462348447,0.023,variance_ratio_squared,48.000000000000284,0,0,0,0,72,0
hardware_only,21,36.66783244660629,36.66783244660629,36.66783244660629,0.02444189288334363,0.023,variance_ratio_squared,48.000000000000284,0,0,0,0,72,0
hardware_only,22,37.310610826743996,37.310610826743996,37.310610826743996,0.02458422319526649,0.023,variance_ratio_squared,48.000000000000284,0,0,0,0,72,0
hardware_only,23,36.196698877713985,36.196698877713985,36.196698877713985,0.024288782180273732,0.023,variance_ratio_squared,48.000000000000284,0,0,0,0,72,0
hardware_only,24,36.08904837908859,36.08904837908859,36.08904837908859,0.024267048581935374,0.023,variance_ratio_squared,48.000000000000284,0,0,0,0,72,0
hardware_only,25,36.16865661810732,36.16865661810732,36.16865661810732,0.02431856108630965,0.023,variance_ratio_squared,48.000000000000284,0,0,0,0,72,0
hardware_only,26,35.481218690929175,35.481218690929175,35.481218690929175,0.02402976786886215,0.023,variance_ratio_squared,48.000000000000284,0,0,0,0,72,0
hardware_only,27,35.90954284098344,35.90954284098344,35.90954284098344,0.024234010901490747,0.023,variance_ratio_squared,48.000000000000284,0,0,0,0,72,0
hardware_only,28,35.6541477156947,35.6541477156947,35.6541477156947,0.02414168958560699,0.023,variance_ratio_squared,48.000000000000284,0,0,0,0,72,0
hardware_only,29,35.18919407103108,35.18919407103108,35.18919407103108,0.023973327453339098,0.023,variance_ratio_squared,48.000000000000284,0,0,0,0,72,0
hardware_only,30,35.090982890457475,35.090982890457475,35.090982890457475,0.02401480822465009,0.023,variance_ratio_squared,48.000000000000284,0,0,0,0,72,0
hardware_only,31,36.379862006929,36.379862006929,36.379862006929,0.024388118935893228,0.023,variance_ratio_squared,48.000000000000284,0,0,0,0,72,0
hardware_only,32,36.53448939833027,36.53448939833027,36.53448939833027,0.024434729019763964,0.023,variance_ratio_squared,48.000000000000284,0,0,0,0,72,0
hardware_only,33,35.83363688961383,35.83363688961383,35.83363688961383,0.024261059711502612,0.023,variance_ratio_squared,48.000000000000284,0,0,0,0,72,0
hardware_only,34,35.81257014433065,35.81257014433065,35.81257014433065,0.02431153699252035,0.023,variance_ratio_squared,48.000000000000284,0,0,0,0,72,0
hardware_only,35,36.5749231334608,36.5749231334608,36.5749231334608,0.02460977398287738,0.023,variance_ratio_squared,48.000000000000284,0,0,0,0,72,0
hardware_only,36,36.73419850772787,36.73419850772787,36.73419850772787,0.024672267536254407,0.023,variance_ratio_squared,48.000000000000284,0,0,0,0,72,0
hardware_only,37,36.48774141012296,36.48774141012296,36.48774141012296,0.024564513603591038,0.023,variance_ratio_squared,48.000000000000284,0,0,0,0,72,0
hardware_only,38,35.919440455738425,35.919440455738425,35.919440455738425,0.02438825757907527,0.023,variance_ratio_squared,48.000000000000284,0,0,0,0,72,0
hardware_only,39,35.84343427157911,35.84343427157911,35.84343427157911,0.0243795226581086,0.023,variance_ratio_squared,48.000000000000284,0,0,0,0,72,0
hardware_only,40,36.28029368105376,36.28029368105376,36.28029368105376,0.024553387809717976,0.023,variance_ratio_squared,48.000000000000284,0,0,0,0,72,0
hardware_only,41,36.81836598701379,36.81836598701379,36.81836598701379,0.02473012519394658,0.023,variance_ratio_squared,48.000000000000284,0,0,0,0,72,0
hardware_only,42,36.08171612808492,36.08171612808492,36.08171612808492,0.02449376290186979,0.023,variance_ratio_squared,48.000000000000284,0,0,0,0,72,0
hardware_only,43,36.35005154165572,36.35005154165572,36.35005154165572,0.024546666933813025,0.023,variance_ratio_squared,48.000000000000284,0,0,0,0,72,0
hardware_only,44,36.592192432960154,36.592192432960154,36.592192432960154,0.02468255761581537,0.023,variance_ratio_squared,48.000000000000284,0,0,0,0,72,0
hardware_only,45,36.64673779996125,36.64673779996125,36.64673779996125,0.0246617445664355,0.023,variance_ratio_squared,48.000000000000284,0,0,0,0,72,0
hardware_only,46,36.4723160935784,36.4723160935784,36.4723160935784,0.02461262757992003,0.023,variance_ratio_squared,48.000000000000284,0,0,0,0,72,0
hardware_only,47,36.35660434961021,36.35660434961021,36.35660434961021,0.024578694679191607,0.023,variance_ratio_squared,48.000000000000284,0,0,0,0,72,0
hardware_only,48,36.94805061118174,36.94805061118174,36.94805061118174,0.024707571629056898,0.023,variance_ratio_squared,48.000000000000284,0,0,0,0,72,0
hardware_only,49,37.1247008688683,37.1247008688683,37.1247008688683,0.024635717160109517,0.023,variance_ratio_squared,48.000000000000284,0,0,0,0,72,0
hardware_only,50,37.22609715445321,37.22609715445321,37.22609715445321,0.024614423276433976,0.023,variance_ratio_squared,48.000000000000284,0,0,0,0,72,0
hardware_only,51,37.09268965804166,37.09268965804166,37.09268965804166,0.024589581190932012,0.023,variance_ratio_squared,48.000000000000284,0,0,0,0,72,0
hardware_only,52,37.16624546438795,37.16624546438795,37.16624546438795,0.024603019526070757,0.023,variance_ratio_squared,48.000000000000284,0,0,0,0,72,0
hardware_only,53,36.92339980184213,36.92339980184213,36.92339980184213,0.024567019184110406,0.023,variance_ratio_squared,48.000000000000284,8,0,8,0,72,1
hardware_only,54,37.07583982161785,37.07583982161785,37.07583982161785,0.02463804791613947,0.023,variance_ratio_squared,48.000000000000284,8,0,8,0,72,1
hardware_only,55,37.33796361520504,37.33796361520504,37.33796361520504,0.02478671626089994,0.023,variance_ratio_squared,48.000000000000284,8,0,8,0,72,1
hardware_only,56,37.461503514323226,37.461503514323226,37.461503514323226,0.024870712812343557,0.023,variance_ratio_squared,48.000000000000284,8,0,8,0,72,1
hardware_only,57,37.59747774146194,37.59747774146194,37.59747774146194,0.024960463700903348,0.023,variance_ratio_squared,48.000000000000284,14,0,14,0,72,2
hardware_only,58,36.58096120318901,36.58096120318901,36.58096120318901,0.024656686247110485,0.023,variance_ratio_squared,48.000000000000284,14,0,14,0,72,2
hardware_only,59,37.16584461527618,37.16584461527618,37.16584461527618,0.024851791840340833,0.023,variance_ratio_squared,48.000000000000284,14,0,14,0,72,2
hardware_only,60,38.4719142687401,38.4719142687401,38.4719142687401,0.025274246334735108,0.023,variance_ratio_squared,48.000000000000284,27,0,26,0,72,4
hardware_only,61,38.51416104008957,38.51416104008957,38.51416104008957,0.02535575841499574,0.023,variance_ratio_squared,48.000000000000284,27,0,26,0,72,4
hardware_only,62,37.760172427403205,37.760172427403205,37.760172427403205,0.025129137386857327,0.023,variance_ratio_squared,48.000000000000284,27,0,26,0,72,4
hardware_only,63,38.014929478529304,38.014929478529304,38.014929478529304,0.02513797876509865,0.023,variance_ratio_squared,48.000000000000284,27,0,26,0,72,4
hardware_only,64,37.9557869580221,37.9557869580221,37.9557869580221,0.025075017024150156,0.023,variance_ratio_squared,48.000000000000284,27,0,26,0,72,4
hardware_only,65,37.92385674586551,37.92385674586551,37.92385674586551,0.02499375702711173,0.023,variance_ratio_squared,48.000000000000284,27,0,26,0,72,4
hardware_only,66,38.040264937587054,38.040264937587054,38.040264937587054,0.025040076687414408,0.023,variance_ratio_squared,48.000000000000284,27,0,26,0,72,4
hardware_only,67,38.6519853609786,38.6519853609786,38.6519853609786,0.025169329438433682,0.023,variance_ratio_squared,48.000000000000284,27,0,26,0,72,4
hardware_only,68,38.51210698429611,38.51210698429611,38.51210698429611,0.025185839246049446,0.023,variance_ratio_squared,48.000000000000284,27,0,26,0,72,4
hardware_only,69,39.11955596332546,39.11955596332546,39.11955596332546,0.02542346847361641,0.023,variance_ratio_squared,48.000000000000284,27,0,26,0,72,4
hardware_only,70,39.626537210315114,39.626537210315114,39.626537210315114,0.02565120715303949,0.023,variance_ratio_squared,48.000000000000284,27,0,26,0,72,4
hardware_only,71,40.51359556757337,40.51359556757337,40.51359556757337,0.025951208773855185,0.023,variance_ratio_squared,48.000000000000284,34,0,29,0,72,5
hardware_only,72,40.35004063087173,40.35004063087173,40.35004063087173,0.025901079241843747,0.023,variance_ratio_squared,48.000000000000284,34,0,29,0,72,5
hardware_only,73,40.82124918571531,40.82124918571531,40.82124918571531,0.02604072682782757,0.023,variance_ratio_squared,48.000000000000284,34,0,29,0,72,5
hardware_only,74,40.95524225926335,40.95524225926335,40.95524225926335,0.026032386106047856,0.023,variance_ratio_squared,48.000000000000284,34,0,29,0,72,5
hardware_only,75,41.450447827302554,41.450447827302554,41.450447827302554,0.026157278676212793,0.023,variance_ratio_squared,48.000000000000284,34,0,29,0,72,5
hardware_only,76,41.118930336717845,41.118930336717845,41.118930336717845,0.02606653382052653,0.023,variance_ratio_squared,48.000000000000284,34,0,29,0,72,5
hardware_only,77,41.361332083665665,41.361332083665665,41.361332083665665,0.026076271253979662,0.023,variance_ratio_squared,48.000000000000284,34,0,29,0,72,5
hardware_only,78,40.01123597047259,40.01123597047259,40.01123597047259,0.025776520987958133,0.023,variance_ratio_squared,48.000000000000284,34,0,29,0,72,5
hardware_only,79,40.462824192718955,40.462824192718955,40.462824192718955,0.025892461270435624,0.023,variance_ratio_squared,48.000000000000284,40,0,29,0,72,6
hardware_only,80,41.651082875477165,41.651082875477165,41.651082875477165,0.026233610282509593,0.023,variance_ratio_squared,48.000000000000284,40,0,29,0,72,6
hardware_only,81,42.492179754175396,42.492179754175396,42.492179754175396,0.02652593653222578,0.023,variance_ratio_squared,48.000000000000284,40,0,29,0,72,6
hardware_only,82,42.12921026066346,42.12921026066346,42.12921026066346,0.026450481722582707,0.023,variance_ratio_squared,48.000000000000284,40,0,29,0,72,6
hardware_only,83,41.925547171365196,41.925547171365196,41.925547171365196,0.026388635754081298,0.023,variance_ratio_squared,48.000000000000284,40,0,29,0,72,6
hardware_only,84,41.67168504078319,41.67168504078319,41.67168504078319,0.026256512862071764,0.023,variance_ratio_squared,48.000000000000284,40,0,29,0,72,6
hardware_only,85,41.6873392850347,41.6873392850347,41.6873392850347,0.02622485318499764,0.023,variance_ratio_squared,48.000000000000284,40,0,29,0,72,6
hardware_only,86,41.028325518687296,41.028325518687296,41.028325518687296,0.02600289717947578,0.023,variance_ratio_squared,48.000000000000284,40,0,29,0,72,6
hardware_only,87,41.06161058028415,41.06161058028415,41.06161058028415,0.025991229487958935,0.023,variance_ratio_squared,48.000000000000284,40,0,29,0,72,6
hardware_only,88,41.23096964566052,41.23096964566052,41.23096964566052,0.02611446149690389,0.023,variance_ratio_squared,48.000000000000284,40,0,29,0,72,6
hardware_only,89,41.92382544607502,41.92382544607502,41.92382544607502,0.026330170518427405,0.023,variance_ratio_squared,48.000000000000284,40,0,29,0,72,6
hardware_only,90,42.24977107603937,42.24977107603937,42.24977107603937,0.02633776840463704,0.023,variance_ratio_squared,48.000000000000284,40,0,29,0,72,6
hardware_only,91,43.01287582746223,43.01287582746223,43.01287582746223,0.026538305006403945,0.023,variance_ratio_squared,48.000000000000284,40,0,29,0,72,6
hardware_only,92,43.4543149442601,43.4543149442601,43.4543149442601,0.026681969658496632,0.023,variance_ratio_squared,48.000000000000284,40,0,29,0,72,6
hardware_only,93,42.731430696130055,42.731430696130055,42.731430696130055,0.026552009659016922,0.023,variance_ratio_squared,48.000000000000284,40,0,29,0,72,6
hardware_only,94,43.16149768038188,43.16149768038188,43.16149768038188,0.026580289109253363,0.023,variance_ratio_squared,48.000000000000284,40,0,29,0,72,6
hardware_only,95,43.27576701677971,43.27576701677971,43.27576701677971,0.02663729123295001,0.023,variance_ratio_squared,48.000000000000284,40,0,29,0,72,6
hardware_only,96,43.59530134846663,43.59530134846663,43.59530134846663,0.026698411110042095,0.023,variance_ratio_squared,48.000000000000284,40,0,29,0,72,6
hardware_only,97,43.12861389718598,43.12861389718598,43.12861389718598,0.026581405283298554,0.023,variance_ratio_squared,48.000000000000284,40,0,29,0,72,6
hardware_only,98,43.33542578174075,43.33542578174075,43.33542578174075,0.026662113121114956,0.023,variance_ratio_squared,48.000000000000284,40,0,29,0,72,6
hardware_only,99,44.65941124638941,44.65941124638941,44.65941124638941,0.027067185723154127,0.023,variance_ratio_squared,48.000000000000284,40,0,29,0,72,6
hardware_only,100,44.89054625886167,44.89054625886167,44.89054625886167,0.02711949404178219,0.023,variance_ratio_squared,48.000000000000284,40,0,29,0,72,6
hardware_only,101,44.78158650315707,44.78158650315707,44.78158650315707,0.02714122308626122,0.023,variance_ratio_squared,48.000000000000284,40,0,29,0,72,6
hardware_only,102,44.61030006806114,44.61030006806114,44.61030006806114,0.02707859409080068,0.023,variance_ratio_squared,48.000000000000284,40,0,29,0,72,6
hardware_only,103,44.33529850278443,44.33529850278443,44.33529850278443,0.026979206018526606,0.023,variance_ratio_squared,48.000000000000284,40,0,29,0,72,6
hardware_only,104,44.56118434678973,44.56118434678973,44.56118434678973,0.027096082740409404,0.023,variance_ratio_squared,48.000000000000284,40,0,29,0,72,6
hardware_only,105,44.58207063118311,44.58207063118311,44.58207063118311,0.027171831481120193,0.023,variance_ratio_squared,48.000000000000284,40,0,29,0,72,6
hardware_only,106,44.9922120630609,44.9922120630609,44.9922120630609,0.02721906560382087,0.023,variance_ratio_squared,48.000000000000284,40,0,29,0,72,6
hardware_only,107,45.602752348223184,45.602752348223184,45.602752348223184,0.02735639726114708,0.023,variance_ratio_squared,48.000000000000284,40,0,29,0,72,6
hardware_only,108,45.724012073913066,45.724012073913066,45.724012073913066,0.027414067953193257,0.023,variance_ratio_squared,48.000000000000284,40,0,29,0,72,6
hardware_only,109,46.13596459092409,46.13596459092409,46.13596459092409,0.027408854947249834,0.023,variance_ratio_squared,48.000000000000284,40,0,29,0,72,6
hardware_only,110,46.31941331075931,46.31941331075931,46.31941331075931,0.027484949115727166,0.023,variance_ratio_squared,48.000000000000284,40,0,29,0,72,6
hardware_only,111,46.039485278494205,46.039485278494205,46.039485278494205,0.027382174795054042,0.023,variance_ratio_squared,48.000000000000284,40,0,29,0,72,6
hardware_only,112,47.21357561779889,47.21357561779889,47.21357561779889,0.027727764298573012,0.023,variance_ratio_squared,48.000000000000284,40,0,29,0,72,6
hardware_only,113,47.39444861408079,47.39444861408079,47.39444861408079,0.02778500362777033,0.023,variance_ratio_squared,48.000000000000284,40,0,29,0,72,6
hardware_only,114,47.343106007495045,47.343106007495045,47.343106007495045,0.027828124752499288,0.023,variance_ratio_squared,48.000000000000284,40,0,29,0,72,6
hardware_only,115,47.12061896751417,47.12061896751417,47.12061896751417,0.027762448912335473,0.023,variance_ratio_squared,48.000000000000284,40,0,29,0,72,6
hardware_only,116,47.26610703372959,47.26610703372959,47.26610703372959,0.027705063742519027,0.023,variance_ratio_squared,48.000000000000284,40,0,29,0,72,6
hardware_only,117,47.09317548955042,47.09317548955042,47.09317548955042,0.02776676409310538,0.023,variance_ratio_squared,48.000000000000284,40,0,29,0,72,6
hardware_only,118,47.176193561928855,47.176193561928855,47.176193561928855,0.027774244903717032,0.023,variance_ratio_squared,48.000000000000284,40,0,29,0,72,6
hardware_only,119,47.89304121603826,47.89304121603826,47.89304121603826,0.027927210360605963,0.023,variance_ratio_squared,48.000000000000284,40,0,29,0,72,6
static_sensitivity,0,27.118269150577788,27.118269150577788,27.118269150577788,0.023281723256557404,0.023,variance_ratio_squared,48.000000000000284,0,0,0,0,72,0
static_sensitivity,1,26.61708361934728,26.61708361934728,26.61708361934728,0.02308498396616251,0.023,variance_ratio_squared,48.000000000000284,0,0,0,0,72,0
static_sensitivity,2,26.96474817753177,26.96474817753177,26.96474817753177,0.02320935957834115,0.023,variance_ratio_squared,48.000000000000284,0,0,0,0,72,0
static_sensitivity,3,27.349447945561224,27.349447945561224,27.349447945561224,0.02337440915681441,0.023,variance_ratio_squared,48.000000000000284,0,0,0,0,72,0
static_sensitivity,4,26.991773661547974,26.991773661547974,26.991773661547974,0.023195995798241022,0.023,variance_ratio_squared,48.000000000000284,0,0,0,0,72,0
static_sensitivity,5,26.35682100550125,26.35682100550125,26.35682100550125,0.02297139508560681,0.023,variance_ratio_squared,48.000000000000284,0,0,0,0,72,0
static_sensitivity,6,27.032438563099163,27.032438563099163,27.032438563099163,0.023218666734704123,0.023,variance_ratio_squared,48.000000000000284,0,0,0,0,72,0
static_sensitivity,7,27.056426031139402,27.056426031139402,27.056426031139402,0.02320025025448997,0.023,variance_ratio_squared,48.000000000000284,0,0,0,0,72,0
static_sensitivity,8,27.306152534199573,27.306152534199573,27.306152534199573,0.023334197795398748,0.023,variance_ratio_squared,48.000000000000284,0,0,0,0,72,0
static_sensitivity,9,27.622334610739802,27.622334610739802,27.622334610739802,0.02343826949184799,0.023,variance_ratio_squared,48.000000000000284,0,0,0,0,72,0
static_sensitivity,10,27.83425588277076,27.83425588277076,27.83425588277076,0.023506048431828793,0.023,variance_ratio_squared,48.000000000000284,0,0,0,0,72,0
static_sensitivity,11,27.722861180496597,27.722861180496597,27.722861180496597,0.023480037637549456,0.023,variance_ratio_squared,48.000000000000284,0,0,0,0,72,0
static_sensitivity,12,27.619413545706216,27.619413545706216,27.619413545706216,0.023457731094893384,0.023,variance_ratio_squared,48.000000000000284,0,0,0,0,72,0
static_sensitivity,13,27.95068605111979,27.95068605111979,27.95068605111979,0.023631376446132564,0.023,variance_ratio_squared,48.000000000000284,0,0,0,0,72,0
static_sensitivity,14,28.552052603692108,28.552052603692108,28.552052603692108,0.023879603619527363,0.023,variance_ratio_squared,48.000000000000284,0,0,0,0,72,0
static_sensitivity,15,29.02446985308121,29.02446985308121,29.02446985308121,0.024139952424818645,0.023,variance_ratio_squared,48.000000000000284,0,0,0,0,72,0
static_sensitivity,16,28.72354910168408,28.72354910168408,28.72354910168408,0.023970362900769086,0.023,variance_ratio_squared,48.000000000000284,0,0,0,0,72,0
static_sensitivity,17,28.56400616749729,28.56400616749729,28.56400616749729,0.023894158532927028,0.023,variance_ratio_squared,48.000000000000284,0,0,0,0,72,0
static_sensitivity,18,28.809013334177777,28.809013334177777,28.809013334177777,0.023952623821615473,0.023,variance_ratio_squared,48.000000000000284,0,0,0,0,72,0
static_sensitivity,19,29.223488525297153,29.223488525297153,29.223488525297153,0.02411377668906547,0.023,variance_ratio_squared,48.000000000000284,0,0,0,0,72,0
static_sensitivity,20,29.25387733123486,29.25387733123486,29.25387733123486,0.0241248208390272,0.023,variance_ratio_squared,48.000000000000284,0,0,0,0,72,0
static_sensitivity,21,29.459536164181223,29.459536164181223,29.459536164181223,0.024242373377869136,0.023,variance_ratio_squared,48.000000000000284,0,0,0,0,72,0
static_sensitivity,22,30.033119214245243,30.033119214245243,30.033119214245243,0.02440357102003076,0.023,variance_ratio_squared,48.000000000000284,0,0,0,0,72,0
static_sensitivity,23,29.27624246459149,29.27624246459149,29.27624246459149,0.024102490245932872,0.023,variance_ratio_squared,48.000000000000284,0,0,0,0,72,0
static_sensitivity,24,29.20746547352383,29.20746547352383,29.20746547352383,0.02405568901936425,0.023,variance_ratio_squared,48.000000000000284,0,0,0,0,72,0
static_sensitivity,25,29.230081651659702,29.230081651659702,29.230081651659702,0.024101163139249548,0.023,variance_ratio_squared,48.000000000000284,0,0,0,0,72,0
static_sensitivity,26,28.54317401012151,28.54317401012151,28.54317401012151,0.02379275240108952,0.023,variance_ratio_squared,48.000000000000284,0,0,0,0,72,0
static_sensitivity,27,28.992167958023618,28.992167958023618,28.992167958023618,0.02398711911822298,0.023,variance_ratio_squared,48.000000000000284,0,0,0,0,72,0
static_sensitivity,28,28.82702580902608,28.82702580902608,28.82702580902608,0.02391683845816966,0.023,variance_ratio_squared,48.000000000000284,0,0,0,0,72,0
static_sensitivity,29,28.591241081587036,28.591241081587036,28.591241081587036,0.023768304175810474,0.023,variance_ratio_squared,48.000000000000284,0,0,0,0,72,0
static_sensitivity,30,28.737586119219664,28.737586119219664,28.737586119219664,0.023802148551182477,0.023,variance_ratio_squared,48.000000000000284,0,0,0,0,72,0
static_sensitivity,31,29.452903485954145,29.452903485954145,29.452903485954145,0.02417361749482679,0.023,variance_ratio_squared,48.000000000000284,0,0,0,0,72,0
static_sensitivity,32,29.60878320059752,29.60878320059752,29.60878320059752,0.024236480761833462,0.023,variance_ratio_squared,48.000000000000284,0,0,0,0,72,0
static_sensitivity,33,29.089536811586377,29.089536811586377,29.089536811586377,0.024062038591038944,0.023,variance_ratio_squared,48.000000000000284,0,0,0,0,72,0
static_sensitivity,34,29.103099406784953,29.103099406784953,29.103099406784953,0.024097332679891295,0.023,variance_ratio_squared,48.000000000000284,0,0,0,0,72,0
static_sensitivity,35,29.8858284750825,29.8858284750825,29.8858284750825,0.024360501625995394,0.023,variance_ratio_squared,48.000000000000284,0,0,0,0,72,0
static_sensitivity,36,30.066607849408097,30.066607849408097,30.066607849408097,0.02440571981513383,0.023,variance_ratio_squared,48.000000000000284,0,0,0,0,72,0
static_sensitivity,37,29.67101291757087,29.67101291757087,29.67101291757087,0.024256996131218,0.023,variance_ratio_squared,48.000000000000284,0,0,0,0,72,0
static_sensitivity,38,29.27484500865118,29.27484500865118,29.27484500865118,0.02408327153522421,0.023,variance_ratio_squared,48.000000000000284,0,0,0,0,72,0
static_sensitivity,39,29.26898905627508,29.26898905627508,29.26898905627508,0.02407408859266754,0.023,variance_ratio_squared,48.000000000000284,0,0,0,0,72,0
static_sensitivity,40,29.751307297182752,29.751307297182752,29.751307297182752,0.024242495377169205,0.023,variance_ratio_squared,48.000000000000284,0,0,0,0,72,0
static_sensitivity,41,30.031755532564294,30.031755532564294,30.031755532564294,0.024398515096827767,0.023,variance_ratio_squared,48.000000000000284,0,0,0,0,72,0
static_sensitivity,42,29.451661808075816,29.451661808075816,29.451661808075816,0.024128756123976275,0.023,variance_ratio_squared,48.000000000000284,0,0,0,0,72,0
static_sensitivity,43,29.506624676029496,29.506624676029496,29.506624676029496,0.02417956488727469,0.023,variance_ratio_squared,48.000000000000284,0,0,0,0,72,0
static_sensitivity,44,29.786162271972188,29.786162271972188,29.786162271972188,0.024289411614053406,0.023,variance_ratio_squared,48.000000000000284,0,0,0,0,72,0
static_sensitivity,45,29.634032493710187,29.634032493710187,29.634032493710187,0.02426103496054598,0.023,variance_ratio_squared,48.000000000000284,0,0,0,0,72,0
static_sensitivity,46,29.428606904247246,29.428606904247246,29.428606904247246,0.024214474989986797,0.023,variance_ratio_squared,48.000000000000284,0,0,0,0,72,0
static_sensitivity,47,29.353954798154405,29.353954798154405,29.353954798154405,0.02420055604528336,0.023,variance_ratio_squared,48.000000000000284,0,0,0,0,72,0
static_sensitivity,48,29.49458260541859,29.49458260541859,29.49458260541859,0.02430619210012643,0.023,variance_ratio_squared,48.000000000000284,0,0,0,0,72,0
static_sensitivity,49,29.484130482357365,29.484130482357365,29.484130482357365,0.024275039789398878,0.023,variance_ratio_squared,48.000000000000284,0,0,0,0,72,0
static_sensitivity,50,29.436822376142963,29.436822376142963,29.436822376142963,0.0242864544891128,0.023,variance_ratio_squared,48.000000000000284,0,0,0,0,72,0
static_sensitivity,51,29.3824054403777,29.3824054403777,29.3824054403777,0.02424505817414554,0.023,variance_ratio_squared,48.000000000000284,0,0,0,0,72,0
static_sensitivity,52,29.4217258936956,29.4217258936956,29.4217258936956,0.024275970442289976,0.023,variance_ratio_squared,48.000000000000284,0,0,0,0,72,0
static_sensitivity,53,29.541702833075338,29.541702833075338,29.541702833075338,0.024266052284685424,0.023,variance_ratio_squared,48.000000000000284,8,0,8,0,72,1
static_sensitivity,54,29.890142912047022,29.890142912047022,29.890142912047022,0.024351094605284444,0.023,variance_ratio_squared,48.000000000000284,8,0,8,0,72,1
static_sensitivity,55,30.269888551683973,30.269888551683973,30.269888551683973,0.02448234208786507,0.023,variance_ratio_squared,48.000000000000284,8,0,8,0,72,1
static_sensitivity,56,30.35039470847394,30.35039470847394,30.35039470847394,0.024578745252500082,0.023,variance_ratio_squared,48.000000000000284,8,0,8,0,72,1
static_sensitivity,57,30.601223003649142,30.601223003649142,30.601223003649142,0.02466342718932339,0.023,variance_ratio_squared,48.000000000000284,14,0,14,0,72,2
static_sensitivity,58,29.937225381282893,29.937225381282893,29.937225381282893,0.024379172262842724,0.023,variance_ratio_squared,48.000000000000284,14,0,14,0,72,2
static_sensitivity,59,30.36324801446109,30.36324801446109,30.36324801446109,0.024578153354928692,0.023,variance_ratio_squared,48.000000000000284,14,0,14,0,72,2
static_sensitivity,60,31.50094722388753,31.50094722388753,31.50094722388753,0.025138022596913258,0.023,variance_ratio_squared,48.000000000000284,27,0,27,0,72,4
static_sensitivity,61,31.765142404752986,31.765142404752986,31.765142404752986,0.025204202430987234,0.023,variance_ratio_squared,48.000000000000284,27,0,27,0,72,4
static_sensitivity,62,31.08734913278049,31.08734913278049,31.08734913278049,0.024959286526985754,0.023,variance_ratio_squared,48.000000000000284,27,0,27,0,72,4
static_sensitivity,63,31.17425119273199,31.17425119273199,31.17425119273199,0.02499100449097477,0.023,variance_ratio_squared,48.000000000000284,27,0,27,0,72,4
static_sensitivity,64,31.08056212003511,31.08056212003511,31.08056212003511,0.02491482363374627,0.023,variance_ratio_squared,48.000000000000284,27,0,27,0,72,4
static_sensitivity,65,30.69545666374151,30.69545666374151,30.69545666374151,0.024808533173345342,0.023,variance_ratio_squared,48.000000000000284,27,0,27,0,72,4
static_sensitivity,66,30.882217941961343,30.882217941961343,30.882217941961343,0.0248564723993642,0.023,variance_ratio_squared,48.000000000000284,27,0,27,0,72,4
static_sensitivity,67,31.038273970651357,31.038273970651357,31.038273970651357,0.024957540000625302,0.023,variance_ratio_squared,48.000000000000284,27,0,27,0,72,4
static_sensitivity,68,31.00304468026733,31.00304468026733,31.00304468026733,0.024978076084513853,0.023,variance_ratio_squared,48.000000000000284,27,0,27,0,72,4
static_sensitivity,69,31.575845647893846,31.575845647893846,31.575845647893846,0.025195527846567065,0.023,variance_ratio_squared,48.000000000000284,27,0,27,0,72,4
static_sensitivity,70,32.171816476839844,32.171816476839844,32.171816476839844,0.025427706045305653,0.023,variance_ratio_squared,48.000000000000284,27,0,27,0,72,4
static_sensitivity,71,32.824836394695005,32.824836394695005,32.824836394695005,0.025722132648346895,0.023,variance_ratio_squared,48.000000000000284,34,0,30,0,72,5
static_sensitivity,72,32.66606763291784,32.66606763291784,32.66606763291784,0.0256503988329412,0.023,variance_ratio_squared,48.000000000000284,34,0,30,0,72,5
static_sensitivity,73,33.09676710967842,33.09676710967842,33.09676710967842,0.025795721066881407,0.023,variance_ratio_squared,48.000000000000284,34,0,30,0,72,5
static_sensitivity,74,32.895807483858285,32.895807483858285,32.895807483858285,0.02578235871812461,0.023,variance_ratio_squared,48.000000000000284,34,0,30,0,72,5
static_sensitivity,75,33.209408457012614,33.209408457012614,33.209408457012614,0.02592022861632843,0.023,variance_ratio_squared,48.000000000000284,34,0,30,0,72,5
static_sensitivity,76,32.8819993328015,32.8819993328015,32.8819993328015,0.02582588244115346,0.023,variance_ratio_squared,48.000000000000284,34,0,30,0,72,5
static_sensitivity,77,32.95645345499187,32.95645345499187,32.95645345499187,0.02582701445840845,0.023,variance_ratio_squared,48.000000000000284,34,0,30,0,72,5
static_sensitivity,78,32.03504292679484,32.03504292679484,32.03504292679484,0.025508974054911936,0.023,variance_ratio_squared,48.000000000000284,34,0,30,0,72,5
static_sensitivity,79,32.3669672558831,32.3669672558831,32.3669672558831,0.025603350871867544,0.023,variance_ratio_squared,48.000000000000284,40,0,30,0,72,6
static_sensitivity,80,33.26270097769973,33.26270097769973,33.26270097769973,0.025979334915628944,0.023,variance_ratio_squared,48.000000000000284,40,0,30,0,72,6
static_sensitivity,81,33.91984178033821,33.91984178033821,33.91984178033821,0.026248574640404056,0.023,variance_ratio_squared,48.000000000000284,40,0,30,0,72,6
static_sensitivity,82,33.74097020468358,33.74097020468358,33.74097020468358,0.026174566393814193,0.023,variance_ratio_squared,48.000000000000284,40,0,30,0,72,6
static_sensitivity,83,33.55587598201606,33.55587598201606,33.55587598201606,0.026092792179978088,0.023,variance_ratio_squared,48.000000000000284,40,0,30,0,72,6
static_sensitivity,84,33.11686478232754,33.11686478232754,33.11686478232754,0.0259598759847662,0.023,variance_ratio_squared,48.000000000000284,40,0,30,0,72,6
static_sensitivity,85,33.04415078959004,33.04415078959004,33.04415078959004,0.02591665489020712,0.023,variance_ratio_squared,48.000000000000284,40,0,30,0,72,6
static_sensitivity,86,32.52383950607561,32.52383950607561,32.52383950607561,0.02570614923870468,0.023,variance_ratio_squared,48.000000000000284,40,0,30,0,72,6
static_sensitivity,87,32.595438855763966,32.595438855763966,32.595438855763966,0.02569130934556482,0.023,variance_ratio_squared,48.000000000000284,40,0,30,0,72,6
static_sensitivity,88,32.90699632963472,32.90699632963472,32.90699632963472,0.02576290713978716,0.023,variance_ratio_squared,48.000000000000284,40,0,30,0,72,6
static_sensitivity,89,33.505238534720576,33.505238534720576,33.505238534720576,0.02599937885590527,0.023,variance_ratio_squared,48.000000000000284,40,0,30,0,72,6
static_sensitivity,90,33.45211573566011,33.45211573566011,33.45211573566011,0.026039328449500153,0.023,variance_ratio_squared,48.000000000000284,40,0,30,0,72,6
static_sensitivity,91,33.964275623851066,33.964275623851066,33.964275623851066,0.026236592771758445,0.023,variance_ratio_squared,48.000000000000284,40,0,30,0,72,6
static_sensitivity,92,34.414883344852406,34.414883344852406,34.414883344852406,0.026381663182919887,0.023,variance_ratio_squared,48.000000000000284,40,0,30,0,72,6
static_sensitivity,93,34.140641690330206,34.140641690330206,34.140641690330206,0.026237417672780847,0.023,variance_ratio_squared,48.000000000000284,40,0,30,0,72,6
static_sensitivity,94,34.37519653007064,34.37519653007064,34.37519653007064,0.026297057241239624,0.023,variance_ratio_squared,48.000000000000284,40,0,30,0,72,6
static_sensitivity,95,34.547598996000886,34.547598996000886,34.547598996000886,0.02636227079561287,0.023,variance_ratio_squared,48.000000000000284,40,0,30,0,72,6
static_sensitivity,96,34.65938193740663,34.65938193740663,34.65938193740663,0.026435453962558985,0.023,variance_ratio_squared,48.000000000000284,40,0,30,0,72,6
static_sensitivity,97,34.30930308223868,34.30930308223868,34.30930308223868,0.026332083986936233,0.023,variance_ratio_squared,48.000000000000284,40,0,30,0,72,6
static_sensitivity,98,34.54480218427334,34.54480218427334,34.54480218427334,0.026402150271589833,0.023,variance_ratio_squared,48.000000000000284,40,0,30,0,72,6
static_sensitivity,99,35.63641794648993,35.63641794648993,35.63641794648993,0.02679711971212598,0.023,variance_ratio_squared,48.000000000000284,40,0,30,0,72,6
static_sensitivity,100,35.88088506237074,35.88088506237074,35.88088506237074,0.026861032410070384,0.023,variance_ratio_squared,48.000000000000284,40,0,30,0,72,6
static_sensitivity,101,35.93890072341724,35.93890072341724,35.93890072341724,0.026893199231398195,0.023,variance_ratio_squared,48.000000000000284,40,0,30,0,72,6
static_sensitivity,102,35.72725111944767,35.72725111944767,35.72725111944767,0.02683903472641944,0.023,variance_ratio_squared,48.000000000000284,40,0,30,0,72,6
static_sensitivity,103,35.44485781454351,35.44485781454351,35.44485781454351,0.02671795187926736,0.023,variance_ratio_squared,48.000000000000284,40,0,30,0,72,6
static_sensitivity,104,35.65777841057561,35.65777841057561,35.65777841057561,0.026818158105014495,0.023,variance_ratio_squared,48.000000000000284,40,0,30,0,72,6
static_sensitivity,105,35.88500520372534,35.88500520372534,35.88500520372534,0.026877246524362578,0.023,variance_ratio_squared,48.000000000000284,40,0,30,0,72,6
static_sensitivity,106,35.995812593240494,35.995812593240494,35.995812593240494,0.026905006814137968,0.023,variance_ratio_squared,48.000000000000284,40,0,30,0,72,6
static_sensitivity,107,36.50504446895878,36.50504446895878,36.50504446895878,0.027035632958834148,0.023,variance_ratio_squared,48.000000000000284,40,0,30,0,72,6
static_sensitivity,108,36.670849872303194,36.670849872303194,36.670849872303194,0.02707582195215713,0.023,variance_ratio_squared,48.000000000000284,40,0,30,0,72,6
static_sensitivity,109,36.596723050823186,36.596723050823186,36.596723050823186,0.027098890205896425,0.023,variance_ratio_squared,48.000000000000284,40,0,30,0,72,6
static_sensitivity,110,36.934631158946814,36.934631158946814,36.934631158946814,0.027174856124226106,0.023,variance_ratio_squared,48.000000000000284,40,0,30,0,72,6
static_sensitivity,111,36.54778066417139,36.54778066417139,36.54778066417139,0.027083875587458808,0.023,variance_ratio_squared,48.000000000000284,40,0,30,0,72,6
static_sensitivity,112,37.57339670145016,37.57339670145016,37.57339670145016,0.027435627232307563,0.023,variance_ratio_squared,48.000000000000284,40,0,30,0,72,6
static_sensitivity,113,37.58729252526424,37.58729252526424,37.58729252526424,0.027458005609945175,0.023,variance_ratio_squared,48.000000000000284,40,0,30,0,72,6
static_sensitivity,114,37.589619910885915,37.589619910885915,37.589619910885915,0.02749853431056449,0.023,variance_ratio_squared,48.000000000000284,40,0,30,0,72,6
static_sensitivity,115,37.339588079173396,37.339588079173396,37.339588079173396,0.027444743513762283,0.023,variance_ratio_squared,48.000000000000284,40,0,30,0,72,6
static_sensitivity,116,37.30046155883261,37.30046155883261,37.30046155883261,0.027429123613130477,0.023,variance_ratio_squared,48.000000000000284,40,0,30,0,72,6
static_sensitivity,117,37.47506703283683,37.47506703283683,37.47506703283683,0.02747128876041523,0.023,variance_ratio_squared,48.000000000000284,40,0,30,0,72,6
static_sensitivity,118,37.413217487319685,37.413217487319685,37.413217487319685,0.027462693835109495,0.023,variance_ratio_squared,48.000000000000284,40,0,30,0,72,6
static_sensitivity,119,37.963562619452546,37.963562619452546,37.963562619452546,0.027631106678850686,0.023,variance_ratio_squared,48.000000000000284,40,0,30,0,72,6
