policy,timestep,sensitivity_weighted_tile_error,mean_assigned_noise_std,sensitivity_weighted_mean_assigned_noise_std,capacity_utilization,shards_on_faulted_tiles,shards_on_unavailable_tiles,projections_on_faulted_tiles,projections_on_unavailable_tiles,placement_feasible,service_failure,available_capacity_utilization
random,0,50.220137980753236,0.023961751708800435,0.023962351357403964,0.857421875,0,0,0,0,True,False,0.857421875
random,1,51.01225795463446,0.024088069885408302,0.024157560385703585,0.857421875,0,0,0,0,True,False,0.857421875
random,2,51.680391236392595,0.024188391485343946,0.024318325883172242,0.857421875,0,0,0,0,True,False,0.857421875
random,3,52.36221701719668,0.02436852151621087,0.024473272767278093,0.857421875,0,0,0,0,True,False,0.857421875
random,4,51.66439239243201,0.024386970872947455,0.024318019839896635,0.857421875,0,0,0,0,True,False,0.857421875
random,5,51.55455730473452,0.024381455476376268,0.024290461304886303,0.857421875,0,0,0,0,True,False,0.857421875
random,6,51.54727854124916,0.02435732366153398,0.02429840671020536,0.857421875,0,0,0,0,True,False,0.857421875
random,7,51.82318727353213,0.024449835425850053,0.024366599910209306,0.857421875,0,0,0,0,True,False,0.857421875
random,8,51.15134261891748,0.02433118285890667,0.024188218122397166,0.857421875,0,0,0,0,True,False,0.857421875
random,9,50.52733654863069,0.024254219220095963,0.02404610278524245,0.857421875,0,0,0,0,True,False,0.857421875
random,10,50.196954313059884,0.024166512328825687,0.023976991664391246,0.857421875,0,0,0,0,True,False,0.857421875
random,11,50.97792743436374,0.024335407718280407,0.02415713393381078,0.857421875,0,0,0,0,True,False,0.857421875
random,12,50.815860013349095,0.024322848188383584,0.024122596056369412,0.857421875,0,0,0,0,True,False,0.857421875
random,13,50.821656308902966,0.02441430046265582,0.024135463531011227,0.857421875,0,0,0,0,True,False,0.857421875
random,14,51.03853459670351,0.024401211037460655,0.024162245725452204,0.857421875,0,0,0,0,True,False,0.857421875
random,15,51.180078422977665,0.02443196422394754,0.02420213872310681,0.857421875,0,0,0,0,True,False,0.857421875
random,16,50.15108568406932,0.024235845958215017,0.023946704592343136,0.857421875,0,0,0,0,True,False,0.857421875
random,17,49.70775596932563,0.02410454585261301,0.02383636582100569,0.857421875,0,0,0,0,True,False,0.857421875
random,18,50.146089610176816,0.024076447495120612,0.023964285696945482,0.857421875,0,0,0,0,True,False,0.857421875
random,19,51.938722103451234,0.024310270420339182,0.024385103508482803,0.857421875,0,0,0,0,True,False,0.857421875
random,20,52.743957632129224,0.0243989771320691,0.024574869972689244,0.857421875,0,0,0,0,True,False,0.857421875
random,21,53.163513085030274,0.024467645302302783,0.02466587291454683,0.857421875,0,0,0,0,True,False,0.857421875
random,22,52.660547075500645,0.0244022622072589,0.024558146453071594,0.857421875,0,0,0,0,True,False,0.857421875
random,23,52.86084963168708,0.02448563585689189,0.024611587535303393,0.857421875,0,0,0,0,True,False,0.857421875
random,24,53.000760118962035,0.024500874213334457,0.02463858463922945,0.857421875,0,0,0,0,True,False,0.857421875
random,25,53.40450861218706,0.024711506036539863,0.024734138550506057,0.857421875,0,0,0,0,True,False,0.857421875
random,26,53.19454604153477,0.02470265432030759,0.024677780557177443,0.857421875,0,0,0,0,True,False,0.857421875
random,27,53.41376279998321,0.024717788454934886,0.024726092377816693,0.857421875,0,0,0,0,True,False,0.857421875
random,28,53.10148168761465,0.024684828268915073,0.02464256537947628,0.857421875,0,0,0,0,True,False,0.857421875
random,29,53.03883775999114,0.024675633978851228,0.024624833541473164,0.857421875,0,0,0,0,True,False,0.857421875
random,30,53.52000343952322,0.024655239853801116,0.02473653649227231,0.857421875,0,0,0,0,True,False,0.857421875
random,31,53.61238229020089,0.024610331393723452,0.024753602012105275,0.857421875,0,0,0,0,True,False,0.857421875
random,32,54.40918960826576,0.024720670137378956,0.024939374325899617,0.857421875,0,0,0,0,True,False,0.857421875
random,33,54.17339308873969,0.02465796435528983,0.024884431530912323,0.857421875,0,0,0,0,True,False,0.857421875
random,34,55.09120895498742,0.024928114613029666,0.025092429284207768,0.857421875,0,0,0,0,True,False,0.857421875
random,35,56.05524336935294,0.025125372527000693,0.025317529130927562,0.857421875,0,0,0,0,True,False,0.857421875
random,36,55.91378370979841,0.025128604226081784,0.02528798186955049,0.857421875,0,0,0,0,True,False,0.857421875
random,37,55.884197824982216,0.025160117629708847,0.025294855072067406,0.857421875,0,0,0,0,True,False,0.857421875
random,38,56.83799116462193,0.025275225632080442,0.02550852511117414,0.857421875,0,0,0,0,True,False,0.857421875
random,39,56.243439816956524,0.025247180104966897,0.025371402667794505,0.857421875,0,0,0,0,True,False,0.857421875
random,40,55.98324244228732,0.025196275273235567,0.025300981474202757,0.857421875,0,0,0,0,True,False,0.857421875
random,41,55.37729248519634,0.025167955176757465,0.025173015574298147,0.857421875,0,0,0,0,True,False,0.857421875
random,42,54.62847115148787,0.025098003765766423,0.024984943738176592,0.857421875,0,0,0,0,True,False,0.857421875
random,43,55.263923827990695,0.02510194490071083,0.025129139253556147,0.857421875,0,0,0,0,True,False,0.857421875
random,44,55.23244795865133,0.025263349405998586,0.025108919848124904,0.857421875,13,0,8,0,True,False,0.857421875
random,45,55.45342628138398,0.025379841010161174,0.02515057714468392,0.857421875,13,0,8,0,True,False,0.857421875
random,46,55.63443700246142,0.025390963306195523,0.025191844951864276,0.857421875,13,0,8,0,True,False,0.857421875
random,47,55.65848567550021,0.025449644608176454,0.025200398527505906,0.857421875,13,0,8,0,True,False,0.857421875
random,48,55.40734462919234,0.025434655752580575,0.025155215619633794,0.857421875,13,0,8,0,True,False,0.857421875
random,49,55.37786256288217,0.025456153523125174,0.025158511083691555,0.857421875,13,0,8,0,True,False,0.857421875
random,50,56.34446476018332,0.025654129452256803,0.025372197732488465,0.857421875,13,0,8,0,True,False,0.857421875
random,51,56.916790896977126,0.025742087530545504,0.025475312492076293,0.857421875,13,0,8,0,True,False,0.857421875
random,52,56.82665280604365,0.025713701853847904,0.02546235932334054,0.857421875,13,0,8,0,True,False,0.857421875
random,53,55.69571456146577,0.025537112319137543,0.02520800888839814,0.857421875,13,0,8,0,True,False,0.857421875
random,54,55.75773180372598,0.02542103329730571,0.025214965296880644,0.857421875,13,0,8,0,True,False,0.857421875
random,55,55.73780229913857,0.02547223812661804,0.02520931317029103,0.857421875,13,0,8,0,True,False,0.857421875
random,56,56.23625335635981,0.025577964973796954,0.02532820438592795,0.857421875,13,0,8,0,True,False,0.857421875
random,57,56.06213936250212,0.025591483468148775,0.02529634691716192,0.857421875,13,0,8,0,True,False,0.857421875
random,58,56.19318895624349,0.025597634428297763,0.025332859758677894,0.857421875,13,0,8,0,True,False,0.857421875
random,59,55.45981061246156,0.025414129710047872,0.025141275394786177,0.857421875,13,0,8,0,True,False,0.857421875
random,60,54.612297399706044,0.025303830885060254,0.0249681101824736,0.857421875,13,0,8,0,True,False,0.857421875
random,61,55.431455823890815,0.02547568379678362,0.025162414584411583,0.857421875,13,0,8,0,True,False,0.857421875
random,62,55.904655955042976,0.02551363512395224,0.025255675707983018,0.857421875,13,0,8,0,True,False,0.857421875
random,63,55.1858705225542,0.0254298698189659,0.02510120657205702,0.857421875,13,0,8,0,True,False,0.857421875
random,64,55.28198406779457,0.0254485224804434,0.025095631522780024,0.857421875,13,0,8,0,True,False,0.857421875
random,65,55.40935802101955,0.025452705093446968,0.025118731593743466,0.857421875,13,0,8,0,True,False,0.857421875
random,66,54.99847149118508,0.02534358975096284,0.025027044790250686,0.857421875,13,0,8,0,True,False,0.857421875
random,67,55.79493532415885,0.025553966217689555,0.025209794325060788,0.857421875,26,0,13,0,True,False,0.857421875
random,68,56.506846149886236,0.02583800355288098,0.02536122514923391,0.857421875,40,0,19,0,True,False,0.857421875
random,69,57.052062676673685,0.025934162315539005,0.02549981129818164,0.857421875,40,0,19,0,True,False,0.857421875
random,70,58.46150017362099,0.026366454519927435,0.025830699286495278,0.857421875,53,0,23,0,True,False,0.857421875
random,71,58.97376852769152,0.026428445921083003,0.025949408878032716,0.857421875,53,0,23,0,True,False,0.857421875
random,72,58.94888278431377,0.026348763161044536,0.025943044270702806,0.857421875,53,0,23,0,True,False,0.857421875
random,73,57.771099232701715,0.02616077526104235,0.025693706916347963,0.857421875,53,0,23,0,True,False,0.857421875
random,74,58.91960244944329,0.026330728070349745,0.025935553199789428,0.857421875,53,0,23,0,True,False,0.857421875
random,75,58.77646377974364,0.026355635376116612,0.025907971693140748,0.857421875,53,0,23,0,True,False,0.857421875
random,76,59.08613852598058,0.026369043008624384,0.025983674304886704,0.857421875,53,0,23,0,True,False,0.857421875
random,77,60.23979928595978,0.026620888817211016,0.02621682310822283,0.857421875,53,0,23,0,True,False,0.857421875
random,78,60.331912803156094,0.02661815185706057,0.02623052936187178,0.857421875,53,0,23,0,True,False,0.857421875
random,79,60.2332574527307,0.026688053308560517,0.026203343733482022,0.857421875,53,0,23,0,True,False,0.857421875
random,80,60.26154737666386,0.026711267556695423,0.026206032350796188,0.857421875,53,0,23,0,True,False,0.857421875
random,81,59.62752792350938,0.026562062667509247,0.026041896254847447,0.857421875,53,0,23,0,True,False,0.857421875
random,82,59.81734854948809,0.02659435250098834,0.026113862003092545,0.857421875,53,0,23,0,True,False,0.857421875
random,83,58.19724239522348,0.02644827515678766,0.02575370613531645,0.857421875,53,0,23,0,True,False,0.857421875
random,84,58.19766240844452,0.026423903438280587,0.025745463513164018,0.857421875,53,0,23,0,True,False,0.857421875
random,85,58.339386530749614,0.026479972935698683,0.0257840372254804,0.857421875,53,0,23,0,True,False,0.857421875
random,86,58.877425085536835,0.026576305923868098,0.025906782918576798,0.857421875,53,0,23,0,True,False,0.857421875
random,87,59.124084978624005,0.026652647715203818,0.025937858354248763,0.857421875,53,0,23,0,True,False,0.857421875
random,88,59.83108749228427,0.026792199983702546,0.026110356101563717,0.857421875,53,0,23,0,True,False,0.857421875
random,89,60.205134051875866,0.02689276785294676,0.026197073299067803,0.857421875,53,0,23,0,True,False,0.857421875
random,90,59.70826092672034,0.02678266278469645,0.026095019079051585,0.857421875,53,0,23,0,True,False,0.857421875
random,91,59.75079468086732,0.0267562432616582,0.02609340912493989,0.857421875,53,0,23,0,True,False,0.857421875
random,92,58.801630263370875,0.026613446664611396,0.02588038011214294,0.857421875,53,0,23,0,True,False,0.857421875
random,93,58.796640629158226,0.026625791562609753,0.025881259119902703,0.857421875,53,0,23,0,True,False,0.857421875
random,94,59.035383782779036,0.026698075022574777,0.02595263291637301,0.857421875,53,0,23,0,True,False,0.857421875
random,95,59.719689596399505,0.026873100651831155,0.02610241924987897,0.857421875,53,0,23,0,True,False,0.857421875
random,96,59.232257314589134,0.02673100475566945,0.025990907375870505,0.857421875,53,0,23,0,True,False,0.857421875
random,97,59.11442304741382,0.026732047211355196,0.0259742539308354,0.857421875,53,0,23,0,True,False,0.857421875
random,98,59.500268676369615,0.02680704006334911,0.026073356962043857,0.857421875,53,0,23,0,True,False,0.857421875
random,99,59.613820544766575,0.026779971977449284,0.026105368855205157,0.857421875,53,0,23,0,True,False,0.857421875
random,100,59.781393213651675,0.02679113008433097,0.026143019057998183,0.857421875,53,0,23,0,True,False,0.857421875
random,101,60.17448651702635,0.026875894838339177,0.026248296571199536,0.857421875,53,0,23,0,True,False,0.857421875
random,102,59.22733505455778,0.026719649052015668,0.02601975637249952,0.857421875,53,0,23,0,True,False,0.857421875
random,103,59.53311060950756,0.026791405803986455,0.026098963814332143,0.857421875,53,0,23,0,True,False,0.857421875
random,104,59.65244133119904,0.026824402428016775,0.02613023911622823,0.857421875,53,0,23,0,True,False,0.857421875
random,105,60.461367412137015,0.026843595975872526,0.026310734005793198,0.857421875,53,0,23,0,True,False,0.857421875
random,106,60.34050043798155,0.026881779130556286,0.02628373358377003,0.857421875,53,0,23,0,True,False,0.857421875
random,107,60.180684787488325,0.02688505781668957,0.026263763437044917,0.857421875,53,0,23,0,True,False,0.857421875
random,108,59.97773684954268,0.026916281386283755,0.02621906252648003,0.857421875,53,0,23,0,True,False,0.857421875
random,109,59.55537530024466,0.026863295108074826,0.026109957934597926,0.857421875,53,0,23,0,True,False,0.857421875
random,110,59.22498799380045,0.02682436854078191,0.02602350225266898,0.857421875,53,0,23,0,True,False,0.857421875
random,111,59.35936333413949,0.026829651926575066,0.026065568174727924,0.857421875,53,0,23,0,True,False,0.857421875
random,112,59.89464564061957,0.026944828267244543,0.02616728250013393,0.857421875,53,0,23,0,True,False,0.857421875
random,113,60.03461569641382,0.026938369932062535,0.026204077266304925,0.857421875,53,0,23,0,True,False,0.857421875
random,114,60.0808146254793,0.02695162066128061,0.02619476366359219,0.857421875,53,0,23,0,True,False,0.857421875
random,115,60.737092697522485,0.027002074369942543,0.026307760315744017,0.857421875,53,0,23,0,True,False,0.857421875
random,116,60.667174436604874,0.026992547930789385,0.02629444881319764,0.857421875,53,0,23,0,True,False,0.857421875
random,117,60.60146670951666,0.027108132362223602,0.026267191196143916,0.857421875,53,0,23,0,True,False,0.857421875
random,118,60.74604253930313,0.02716013910240198,0.026296401517983774,0.857421875,53,0,23,0,True,False,0.857421875
random,119,60.53025323534865,0.027181178500483218,0.026271081484610954,0.857421875,53,0,23,0,True,False,0.857421875
sequential,0,46.62492776416436,0.02392137616560938,0.023714498538774564,0.857421875,0,0,0,0,True,False,0.857421875
sequential,1,47.05120030183894,0.024044998242093513,0.023814113953899055,0.857421875,0,0,0,0,True,False,0.857421875
sequential,2,47.442052356172915,0.024144012122859097,0.02390609376713745,0.857421875,0,0,0,0,True,False,0.857421875
sequential,3,48.22030804369241,0.024324885930769168,0.024105747321130924,0.857421875,0,0,0,0,True,False,0.857421875
sequential,4,47.78921646276003,0.024333684142093758,0.02400543168545184,0.857421875,0,0,0,0,True,False,0.857421875
sequential,5,47.70540994915123,0.024325326010000106,0.023985032705584136,0.857421875,0,0,0,0,True,False,0.857421875
sequential,6,47.43326753693514,0.024297181159577855,0.0239091558879657,0.857421875,0,0,0,0,True,False,0.857421875
sequential,7,47.630175613124045,0.024385138222435147,0.023956991427405625,0.857421875,0,0,0,0,True,False,0.857421875
sequential,8,47.56990814575847,0.024276574217208163,0.023956855231374256,0.857421875,0,0,0,0,True,False,0.857421875
sequential,9,47.03790640766073,0.02419609552278986,0.023823766979500435,0.857421875,0,0,0,0,True,False,0.857421875
sequential,10,46.49920681286813,0.02410394655188636,0.023680510493136075,0.857421875,0,0,0,0,True,False,0.857421875
sequential,11,47.290611980759394,0.024274745620669842,0.0238831793628256,0.857421875,0,0,0,0,True,False,0.857421875
sequential,12,47.10393283281563,0.02425934601549857,0.02383473343546143,0.857421875,0,0,0,0,True,False,0.857421875
sequential,13,47.06614075424757,0.024343709302463497,0.023821871851966776,0.857421875,0,0,0,0,True,False,0.857421875
sequential,14,47.72434145318902,0.024346428945512723,0.024001894334171853,0.857421875,0,0,0,0,True,False,0.857421875
sequential,15,47.64863522510393,0.024371250379926844,0.023977433407993423,0.857421875,0,0,0,0,True,False,0.857421875
sequential,16,47.00799603592498,0.02417865951020725,0.023823527688871086,0.857421875,0,0,0,0,True,False,0.857421875
sequential,17,46.603644855083196,0.024048998227408178,0.02372079557146766,0.857421875,0,0,0,0,True,False,0.857421875
sequential,18,46.25547873612947,0.02401410705984801,0.023612169178768766,0.857421875,0,0,0,0,True,False,0.857421875
sequential,19,47.62261630842987,0.02425699704664016,0.023949025087850337,0.857421875,0,0,0,0,True,False,0.857421875
sequential,20,48.0967247676334,0.02434793657021768,0.0240585952151994,0.857421875,0,0,0,0,True,False,0.857421875
sequential,21,48.59842939490735,0.024421896265946173,0.024186003417167045,0.857421875,0,0,0,0,True,False,0.857421875
sequential,22,48.03778857975053,0.024350620924495078,0.02404430737736872,0.857421875,0,0,0,0,True,False,0.857421875
sequential,23,48.108790466433156,0.024427698344281417,0.02405936108736595,0.857421875,0,0,0,0,True,False,0.857421875
sequential,24,48.34000461856192,0.024446454048711763,0.02411970429845111,0.857421875,0,0,0,0,True,False,0.857421875
sequential,25,48.949414661930206,0.02465266648493175,0.024279681748757796,0.857421875,0,0,0,0,True,False,0.857421875
sequential,26,49.13138310958542,0.024651189803957835,0.024334988389335382,0.857421875,0,0,0,0,True,False,0.857421875
sequential,27,49.378774316535264,0.024672049205138064,0.024395639749186227,0.857421875,0,0,0,0,True,False,0.857421875
sequential,28,49.481319335054344,0.02464556235205441,0.024430877429345223,0.857421875,0,0,0,0,True,False,0.857421875
sequential,29,49.51055181359281,0.024637846234549444,0.024440216571755782,0.857421875,0,0,0,0,True,False,0.857421875
sequential,30,49.67384196865255,0.02462296849427254,0.02446929197367988,0.857421875,0,0,0,0,True,False,0.857421875
sequential,31,49.672633159153015,0.024580452743028544,0.024465704736142912,0.857421875,0,0,0,0,True,False,0.857421875
sequential,32,50.17520194490101,0.024692405792869618,0.024579564394473195,0.857421875,0,0,0,0,True,False,0.857421875
sequential,33,49.95991243549119,0.024630846890766424,0.024525873537779852,0.857421875,0,0,0,0,True,False,0.857421875
sequential,34,51.02757570098257,0.024900243940163224,0.024794441475836267,0.857421875,0,0,0,0,True,False,0.857421875
sequential,35,51.69224432914342,0.025093767757990403,0.02494916060404209,0.857421875,0,0,0,0,True,False,0.857421875
sequential,36,51.61385647512261,0.02509625223312618,0.024931173071203367,0.857421875,0,0,0,0,True,False,0.857421875
sequential,37,51.322531768802236,0.02511914946047329,0.024853450203608005,0.857421875,0,0,0,0,True,False,0.857421875
sequential,38,51.907609177976994,0.02523373009302049,0.024986844427905934,0.857421875,0,0,0,0,True,False,0.857421875
sequential,39,51.80122713304661,0.0252084735844726,0.024973754767359718,0.857421875,0,0,0,0,True,False,0.857421875
sequential,40,51.914337666953756,0.025165566525498215,0.025009172284999156,0.857421875,0,0,0,0,True,False,0.857421875
sequential,41,51.40270368819583,0.025129906412545405,0.02488848771202458,0.857421875,0,0,0,0,True,False,0.857421875
sequential,42,51.38839906203868,0.02506717214224759,0.024903675164603362,0.857421875,0,0,0,0,True,False,0.857421875
sequential,43,51.671927785469975,0.02507614336880428,0.02496082645806155,0.857421875,0,0,0,0,True,False,0.857421875
sequential,44,52.06349317475834,0.025238775647007966,0.02506657703584597,0.857421875,13,0,8,0,True,False,0.857421875
sequential,45,52.60455506854109,0.025357147953451446,0.025204496569418373,0.857421875,13,0,8,0,True,False,0.857421875
sequential,46,52.694366325333235,0.025368030110212214,0.025224899260212753,0.857421875,13,0,8,0,True,False,0.857421875
sequential,47,52.7625325640077,0.02542354810202816,0.025242718398085874,0.857421875,13,0,8,0,True,False,0.857421875
sequential,48,52.30226571902286,0.02539860145629208,0.025130014936205727,0.857421875,13,0,8,0,True,False,0.857421875
sequential,49,52.07653468637764,0.025412676706008098,0.0250718644770508,0.857421875,13,0,8,0,True,False,0.857421875
sequential,50,53.05871203847755,0.025613606121041507,0.025308907640904963,0.857421875,13,0,8,0,True,False,0.857421875
sequential,51,54.167101432496445,0.025719642696882438,0.025580383319816498,0.857421875,13,0,8,0,True,False,0.857421875
sequential,52,53.854001228985624,0.02568500086165141,0.02550375327740095,0.857421875,13,0,8,0,True,False,0.857421875
sequential,53,52.948908287609854,0.025506539912625557,0.02529216082032533,0.857421875,13,0,8,0,True,False,0.857421875
sequential,54,52.90167190120597,0.025398242045582227,0.025276593634144646,0.857421875,13,0,8,0,True,False,0.857421875
sequential,55,53.02178476563711,0.025448059682422204,0.02530895425791752,0.857421875,13,0,8,0,True,False,0.857421875
sequential,56,53.347403097522665,0.025551167887675842,0.025383396082709588,0.857421875,13,0,8,0,True,False,0.857421875
sequential,57,53.12970890368221,0.025559503255239452,0.02533094476356643,0.857421875,13,0,8,0,True,False,0.857421875
sequential,58,53.05000358302082,0.025563055217506875,0.025307098194582527,0.857421875,13,0,8,0,True,False,0.857421875
sequential,59,52.89862469810028,0.025393054933751543,0.02528119186034944,0.857421875,13,0,8,0,True,False,0.857421875
sequential,60,51.79406852174978,0.02526860497944876,0.025011936942051432,0.857421875,13,0,8,0,True,False,0.857421875
sequential,61,52.33394824677163,0.025435340958293987,0.025137256515051744,0.857421875,13,0,8,0,True,False,0.857421875
sequential,62,52.98048206644075,0.02548363295358738,0.02529486396435476,0.857421875,13,0,8,0,True,False,0.857421875
sequential,63,52.28429185194881,0.025393820528742287,0.02512829082759637,0.857421875,13,0,8,0,True,False,0.857421875
sequential,64,52.93742861681426,0.025424330090838214,0.02529594762876209,0.857421875,13,0,8,0,True,False,0.857421875
sequential,65,53.19883132428073,0.025435422607029346,0.02535875382569492,0.857421875,13,0,8,0,True,False,0.857421875
sequential,66,52.753550038689674,0.025326682582057333,0.025250758649501666,0.857421875,13,0,8,0,True,False,0.857421875
sequential,67,53.38026624568705,0.02553743189516825,0.025401884624083312,0.857421875,26,0,15,0,True,False,0.857421875
sequential,68,55.10216932768778,0.0258629693396264,0.02582174688079432,0.857421875,42,0,28,0,True,False,0.857421875
sequential,69,55.2279468728865,0.025952206574044137,0.025845059282333497,0.857421875,42,0,28,0,True,False,0.857421875
sequential,70,56.497277658070104,0.026374786589247887,0.02612997417958381,0.857421875,55,0,32,0,True,False,0.857421875
sequential,71,56.76618416639108,0.026436909584220108,0.02618662543592321,0.857421875,55,0,32,0,True,False,0.857421875
sequential,72,56.583429033381385,0.02635929732364237,0.026139037936989035,0.857421875,55,0,32,0,True,False,0.857421875
sequential,73,55.351250195523725,0.026163089999765143,0.025851072192934876,0.857421875,55,0,32,0,True,False,0.857421875
sequential,74,56.57468166507995,0.026343468578813405,0.026136143171618546,0.857421875,55,0,32,0,True,False,0.857421875
sequential,75,56.47712488012996,0.026364769082112133,0.026115531142311584,0.857421875,55,0,32,0,True,False,0.857421875
sequential,76,56.46926685750453,0.02637670441750346,0.026105618035693057,0.857421875,55,0,32,0,True,False,0.857421875
sequential,77,58.022659223135825,0.02663720460809245,0.02647237813108156,0.857421875,55,0,32,0,True,False,0.857421875
sequential,78,58.1960680931161,0.026637611559802904,0.026512328499318616,0.857421875,55,0,32,0,True,False,0.857421875
sequential,79,58.443606862423174,0.026707494549811212,0.026577380527217403,0.857421875,55,0,32,0,True,False,0.857421875
sequential,80,58.569892076666015,0.026730801664210102,0.026608006430685602,0.857421875,55,0,32,0,True,False,0.857421875
sequential,81,58.4516403254611,0.02659156704284113,0.026586483497613788,0.857421875,55,0,32,0,True,False,0.857421875
sequential,82,57.92962554453864,0.026608781547010227,0.02645646015477785,0.857421875,55,0,32,0,True,False,0.857421875
sequential,83,56.93247171816498,0.026459535327177038,0.0262419520734399,0.857421875,55,0,32,0,True,False,0.857421875
sequential,84,57.018184761440004,0.02643758019370501,0.026261974267393573,0.857421875,55,0,32,0,True,False,0.857421875
sequential,85,57.07163793288527,0.026490492991878473,0.02627354109703511,0.857421875,55,0,32,0,True,False,0.857421875
sequential,86,57.501855396390155,0.026587861043655528,0.02637059052406997,0.857421875,55,0,32,0,True,False,0.857421875
sequential,87,58.31311248331259,0.026675856323019893,0.02656514478113377,0.857421875,55,0,32,0,True,False,0.857421875
sequential,88,58.63171602845995,0.026810107836384663,0.026631438059825013,0.857421875,55,0,32,0,True,False,0.857421875
sequential,89,58.87755950798835,0.026905230575185218,0.026686383883575533,0.857421875,55,0,32,0,True,False,0.857421875
sequential,90,58.20888724170552,0.026789827059130827,0.026530621937602264,0.857421875,55,0,32,0,True,False,0.857421875
sequential,91,58.33705189849941,0.026765737099568882,0.026559618076308033,0.857421875,55,0,32,0,True,False,0.857421875
sequential,92,57.67187492450666,0.026623723830607966,0.026412694057761813,0.857421875,55,0,32,0,True,False,0.857421875
sequential,93,57.66178121140444,0.026635166672041792,0.02641039095526061,0.857421875,55,0,32,0,True,False,0.857421875
sequential,94,57.50984892455923,0.026697529818792764,0.026368983324411156,0.857421875,55,0,32,0,True,False,0.857421875
sequential,95,58.16074508183197,0.026868877510747624,0.026517828291182755,0.857421875,55,0,32,0,True,False,0.857421875
sequential,96,57.73879304315798,0.026730744261248975,0.026421089244112732,0.857421875,55,0,32,0,True,False,0.857421875
sequential,97,57.45969984749469,0.026725946343854633,0.0263538745340422,0.857421875,55,0,32,0,True,False,0.857421875
sequential,98,57.44949746459338,0.026793044718158257,0.026343227745357405,0.857421875,55,0,32,0,True,False,0.857421875
sequential,99,57.24126607155618,0.02676247215342005,0.02628710237030956,0.857421875,55,0,32,0,True,False,0.857421875
sequential,100,57.37306946693789,0.026776144273733208,0.026316783429167566,0.857421875,55,0,32,0,True,False,0.857421875
sequential,101,57.171589234273625,0.026847465784984047,0.02625564523328522,0.857421875,55,0,32,0,True,False,0.857421875
sequential,102,56.98078379448367,0.026703443376408956,0.026228880976463854,0.857421875,55,0,32,0,True,False,0.857421875
sequential,103,56.860167229842425,0.026763671747889156,0.02618973055824571,0.857421875,55,0,32,0,True,False,0.857421875
sequential,104,56.74542919887918,0.026789287462165277,0.026155510440471964,0.857421875,55,0,32,0,True,False,0.857421875
sequential,105,57.12616950573347,0.02681381730927259,0.026233408815658363,0.857421875,55,0,32,0,True,False,0.857421875
sequential,106,57.16235474316614,0.026849879277305505,0.026245620934549622,0.857421875,55,0,32,0,True,False,0.857421875
sequential,107,56.71551725116348,0.026845020973596475,0.026134460781443207,0.857421875,55,0,32,0,True,False,0.857421875
sequential,108,56.70527468725537,0.026874305784372464,0.02613635421388955,0.857421875,55,0,32,0,True,False,0.857421875
sequential,109,56.82861086827609,0.026828851051071814,0.026178543545031793,0.857421875,55,0,32,0,True,False,0.857421875
sequential,110,56.916511398329135,0.02679540971058679,0.026208194293615292,0.857421875,55,0,32,0,True,False,0.857421875
sequential,111,56.644603522939484,0.02679359950214353,0.026134470571647025,0.857421875,55,0,32,0,True,False,0.857421875
sequential,112,57.60423410161215,0.026919355038971842,0.02636760475506333,0.857421875,55,0,32,0,True,False,0.857421875
sequential,113,57.5291665002849,0.026911854806045393,0.02634520209968752,0.857421875,55,0,32,0,True,False,0.857421875
sequential,114,58.22801992609672,0.026942150622428388,0.026521413393266212,0.857421875,55,0,32,0,True,False,0.857421875
sequential,115,59.43891808742873,0.027013731029540185,0.026805874487203604,0.857421875,55,0,32,0,True,False,0.857421875
sequential,116,59.38208484384732,0.0270051365107054,0.02679301663440056,0.857421875,55,0,32,0,True,False,0.857421875
sequential,117,59.867631897239214,0.027122307071730654,0.026914002097350904,0.857421875,55,0,32,0,True,False,0.857421875
sequential,118,60.104008803587845,0.027175000741390405,0.026968695126934977,0.857421875,55,0,32,0,True,False,0.857421875
sequential,119,59.58134671439131,0.027185146831001886,0.02684518483665183,0.857421875,55,0,32,0,True,False,0.857421875
hardware_only,0,33.410656481541885,0.023508596600038525,0.01933516987290857,0.857421875,0,0,0,0,True,False,0.857421875
hardware_only,1,33.724964232946455,0.023629846551768963,0.019415301760631446,0.857421875,0,0,0,0,True,False,0.857421875
hardware_only,2,33.957318526763096,0.02372547380062535,0.01947188409310405,0.857421875,0,0,0,0,True,False,0.857421875
hardware_only,3,34.440063282593314,0.023901258576401525,0.01961344482960028,0.857421875,0,0,0,0,True,False,0.857421875
hardware_only,4,34.68008701945751,0.023924507952079364,0.019713800231878624,0.857421875,0,0,0,0,True,False,0.857421875
hardware_only,5,34.63745103943571,0.023916291724836503,0.0197050928194516,0.857421875,0,0,0,0,True,False,0.857421875
hardware_only,6,34.58840361745875,0.023892264472133915,0.019687565075268275,0.857421875,0,0,0,0,True,False,0.857421875
hardware_only,7,34.87153855878928,0.023982049680132487,0.019772375429546442,0.857421875,0,0,0,0,True,False,0.857421875
hardware_only,8,34.49596410342249,0.02386733526983888,0.01967042855239719,0.857421875,0,0,0,0,True,False,0.857421875
hardware_only,9,34.387294699364965,0.02379576886708591,0.019650934274222227,0.857421875,0,0,0,0,True,False,0.857421875
hardware_only,10,34.16515913759263,0.02370939277880298,0.019586204077265232,0.857421875,0,0,0,0,True,False,0.857421875
hardware_only,11,34.586297599005135,0.02387309803763345,0.019703050658263572,0.857421875,0,0,0,0,True,False,0.857421875
hardware_only,12,34.5905897925496,0.02386157814741965,0.019708240951810868,0.857421875,0,0,0,0,True,False,0.857421875
hardware_only,13,35.02333278138462,0.023956818991482418,0.01984439856983717,0.857421875,0,0,0,0,True,False,0.857421875
hardware_only,14,34.815017205043,0.023942130400914734,0.01977401364292081,0.857421875,0,0,0,0,True,False,0.857421875
hardware_only,15,34.89136115266749,0.023969300906513124,0.01979555582033873,0.857421875,0,0,0,0,True,False,0.857421875
hardware_only,16,34.342602517671914,0.023778058541392033,0.019645759596429804,0.857421875,0,0,0,0,True,False,0.857421875
hardware_only,17,33.91482748913182,0.023646826442421044,0.019518281936031077,0.857421875,0,0,0,0,True,False,0.857421875
hardware_only,18,33.77864537464608,0.02361480943776446,0.01945913293001585,0.857421875,0,0,0,0,True,False,0.857421875
hardware_only,19,34.27035443043176,0.02384045747652036,0.019566368713716222,0.857421875,0,0,0,0,True,False,0.857421875
hardware_only,20,34.46465859179608,0.023925850505175112,0.019602911672323205,0.857421875,0,0,0,0,True,False,0.857421875
hardware_only,21,34.61914059378334,0.023993440269626312,0.019640337000642865,0.857421875,0,0,0,0,True,False,0.857421875
hardware_only,22,34.51709841343131,0.023931221249686833,0.019621133271929474,0.857421875,0,0,0,0,True,False,0.857421875
hardware_only,23,34.796817915535016,0.024012657462700083,0.019707599046983142,0.857421875,0,0,0,0,True,False,0.857421875
hardware_only,24,34.79376607364097,0.024026711707122738,0.01970276459335099,0.857421875,0,0,0,0,True,False,0.857421875
hardware_only,25,35.49097925925189,0.024236321352174735,0.019920594469903612,0.857421875,0,0,0,0,True,False,0.857421875
hardware_only,26,35.510163687443736,0.024232956137126817,0.019931244373296943,0.857421875,0,0,0,0,True,False,0.857421875
hardware_only,27,35.56522629936544,0.024250813116414634,0.019937641013490107,0.857421875,0,0,0,0,True,False,0.857421875
hardware_only,28,35.47894391140637,0.02422128300120196,0.019918266217833824,0.857421875,0,0,0,0,True,False,0.857421875
hardware_only,29,35.44002262652845,0.024212240760869027,0.019907780474938696,0.857421875,0,0,0,0,True,False,0.857421875
hardware_only,30,35.318655186070615,0.02419142194531892,0.01984672651408997,0.857421875,0,0,0,0,True,False,0.857421875
hardware_only,31,35.086949306703566,0.024143354294681247,0.019770169120359237,0.857421875,0,0,0,0,True,False,0.857421875
hardware_only,32,35.40960478527008,0.024252403933958784,0.019843763245161104,0.857421875,0,0,0,0,True,False,0.857421875
hardware_only,33,35.23081713511219,0.024191290866316703,0.019790439194178288,0.857421875,0,0,0,0,True,False,0.857421875
hardware_only,34,36.02186517175102,0.024457084475893724,0.020024365531214686,0.857421875,0,0,0,0,True,False,0.857421875
hardware_only,35,36.604067112016985,0.024649739098694515,0.020181744531094857,0.857421875,0,0,0,0,True,False,0.857421875
hardware_only,36,36.68260703023438,0.02465581542250398,0.0202075648328094,0.857421875,0,0,0,0,True,False,0.857421875
hardware_only,37,36.882472979968796,0.024688405434649646,0.0202685411193382,0.857421875,0,0,0,0,True,False,0.857421875
hardware_only,38,37.07415559967243,0.02479456818086147,0.020306160385980956,0.857421875,0,0,0,0,True,False,0.857421875
hardware_only,39,37.09570862772604,0.024773007942130738,0.02032859913576255,0.857421875,0,0,0,0,True,False,0.857421875
hardware_only,40,36.92505624596761,0.0247250320405216,0.02028036381032611,0.857421875,0,0,0,0,True,False,0.857421875
hardware_only,41,36.97389745604027,0.024700552026999067,0.020313052239007014,0.857421875,0,0,0,0,True,False,0.857421875
hardware_only,42,36.78120099191052,0.02463509254679573,0.020276818560285403,0.857421875,0,0,0,0,True,False,0.857421875
hardware_only,43,36.69408663988762,0.024636325693964997,0.020225134201851416,0.857421875,0,0,0,0,True,False,0.857421875
hardware_only,44,36.96239325262237,0.024798706218038837,0.020315130030866834,0.857421875,13,0,8,0,True,False,0.857421875
hardware_only,45,37.342571557068325,0.02491529233083335,0.02042960890944177,0.857421875,13,0,8,0,True,False,0.857421875
hardware_only,46,37.30636836303517,0.024923233363528096,0.02041660747202423,0.857421875,13,0,8,0,True,False,0.857421875
hardware_only,47,37.54778533665479,0.024982672017322037,0.020490936463508976,0.857421875,13,0,8,0,True,False,0.857421875
hardware_only,48,37.516609900021734,0.024964961140846405,0.020493797967143075,0.857421875,13,0,8,0,True,False,0.857421875
hardware_only,49,37.61561498917071,0.024984901872146057,0.02052706068287525,0.857421875,13,0,8,0,True,False,0.857421875
hardware_only,50,38.15632487115594,0.02517831947373517,0.020670047588342188,0.857421875,13,0,8,0,True,False,0.857421875
hardware_only,51,38.38921278227915,0.025269928467249,0.02071832291544456,0.857421875,13,0,8,0,True,False,0.857421875
hardware_only,52,38.237298460427425,0.025236941466888964,0.020680472095888882,0.857421875,13,0,8,0,True,False,0.857421875
hardware_only,53,37.820604631876414,0.025067552767377346,0.02057866199094044,0.857421875,13,0,8,0,True,False,0.857421875
hardware_only,54,37.30058027489626,0.0249488191352722,0.020414670197562098,0.857421875,13,0,8,0,True,False,0.857421875
hardware_only,55,37.50669371900006,0.02500095982053815,0.02047980647483971,0.857421875,13,0,8,0,True,False,0.857421875
hardware_only,56,37.83043225847513,0.02510441330576416,0.020566833102490276,0.857421875,13,0,8,0,True,False,0.857421875
hardware_only,57,37.95443156598148,0.02511949948451138,0.0206090922056349,0.857421875,13,0,8,0,True,False,0.857421875
hardware_only,58,37.96596011190582,0.0251244497088229,0.020608498361708475,0.857421875,13,0,8,0,True,False,0.857421875
hardware_only,59,37.33059765985255,0.024944927814899303,0.020429314058401635,0.857421875,13,0,8,0,True,False,0.857421875
hardware_only,60,37.114953602620986,0.02483632396305643,0.020387101176423696,0.857421875,13,0,8,0,True,False,0.857421875
hardware_only,61,37.59451834603801,0.025001993430625695,0.020517573246269478,0.857421875,13,0,8,0,True,False,0.857421875
hardware_only,62,37.600496215593324,0.02503843028968551,0.020505296429432544,0.857421875,13,0,8,0,True,False,0.857421875
hardware_only,63,37.48154184578796,0.02495970372137735,0.020485413551607923,0.857421875,13,0,8,0,True,False,0.857421875
hardware_only,64,37.43410312270489,0.02497737592367877,0.020469669843680163,0.857421875,13,0,8,0,True,False,0.857421875
hardware_only,65,37.46518850958757,0.024985036598127487,0.020469841657238492,0.857421875,13,0,8,0,True,False,0.857421875
hardware_only,66,37.13609445539157,0.02487782328607816,0.020376386164712677,0.857421875,13,0,8,0,True,False,0.857421875
hardware_only,67,37.59162583740095,0.025087124783588943,0.020496835619329575,0.857421875,26,0,14,0,True,False,0.857421875
hardware_only,68,38.81672858917155,0.02540477655192832,0.020793306790717725,0.857421875,42,0,24,0,True,False,0.857421875
hardware_only,69,39.08493330649863,0.02549633118185164,0.020864792727452598,0.857421875,42,0,24,0,True,False,0.857421875
hardware_only,70,40.35627154406285,0.025918886430100124,0.021184984720744083,0.857421875,55,0,29,0,True,False,0.857421875
hardware_only,71,40.52939095601681,0.025979392205714005,0.02122120422434905,0.857421875,55,0,29,0,True,False,0.857421875
hardware_only,72,40.19354913916381,0.025897769411727993,0.021118482123746986,0.857421875,55,0,29,0,True,False,0.857421875
hardware_only,73,39.72144182629402,0.025714843465284208,0.021008332528670876,0.857421875,55,0,29,0,True,False,0.857421875
hardware_only,74,40.151087901716345,0.025881521917176718,0.021102611013764046,0.857421875,55,0,29,0,True,False,0.857421875
hardware_only,75,40.293221705886594,0.025907719051604387,0.021150874574300822,0.857421875,55,0,29,0,True,False,0.857421875
hardware_only,76,40.32417590676821,0.02592011838203872,0.02114887092760755,0.857421875,55,0,29,0,True,False,0.857421875
hardware_only,77,41.00585674214797,0.02616609043247363,0.021325013970878052,0.857421875,55,0,29,0,True,False,0.857421875
hardware_only,78,40.944373281547776,0.02616200004993432,0.02130308502857425,0.857421875,55,0,29,0,True,False,0.857421875
hardware_only,79,41.23894272890017,0.026234003881216862,0.02139550519423223,0.857421875,55,0,29,0,True,False,0.857421875
hardware_only,80,41.29989756764898,0.026256193201708158,0.021413884489956094,0.857421875,55,0,29,0,True,False,0.857421875
hardware_only,81,40.75125595387235,0.026108431513851837,0.021262561171125807,0.857421875,55,0,29,0,True,False,0.857421875
hardware_only,82,40.86394031709365,0.026135889760454712,0.02129697159366695,0.857421875,55,0,29,0,True,False,0.857421875
hardware_only,83,40.68607343919965,0.026003218423046173,0.021285717224592483,0.857421875,55,0,29,0,True,False,0.857421875
hardware_only,84,40.5283586097297,0.02597608164504333,0.021238520944039996,0.857421875,55,0,29,0,True,False,0.857421875
hardware_only,85,40.75541649720446,0.026032720101104998,0.02130325535066354,0.857421875,55,0,29,0,True,False,0.857421875
hardware_only,86,41.06373206968801,0.026128606728072348,0.0213795690256843,0.857421875,55,0,29,0,True,False,0.857421875
hardware_only,87,41.326396601694555,0.026208419584860556,0.021444715865978063,0.857421875,55,0,29,0,True,False,0.857421875
hardware_only,88,41.808584058642396,0.026346285326229107,0.021568841773471632,0.857421875,55,0,29,0,True,False,0.857421875
hardware_only,89,42.0968532289207,0.026442035705314344,0.021649955679464806,0.857421875,55,0,29,0,True,False,0.857421875
hardware_only,90,41.718405858165234,0.026330461781763362,0.021554017419258144,0.857421875,55,0,29,0,True,False,0.857421875
hardware_only,91,41.50749642601754,0.026299003432140162,0.021491214112844253,0.857421875,55,0,29,0,True,False,0.857421875
hardware_only,92,41.15254922255369,0.0261627797210371,0.021408172904235637,0.857421875,55,0,29,0,True,False,0.857421875
hardware_only,93,41.215990187125314,0.026175791512962895,0.021426790462778553,0.857421875,55,0,29,0,True,False,0.857421875
hardware_only,94,41.49256200580263,0.02624589395487852,0.021505921580945428,0.857421875,55,0,29,0,True,False,0.857421875
hardware_only,95,42.02438855192414,0.026415419983243715,0.02164823912379566,0.857421875,55,0,29,0,True,False,0.857421875
hardware_only,96,41.53331779711011,0.026275218687463082,0.02151296274886472,0.857421875,55,0,29,0,True,False,0.857421875
hardware_only,97,41.58462265675853,0.026276341958725746,0.02153234022315514,0.857421875,55,0,29,0,True,False,0.857421875
hardware_only,98,41.82798586603336,0.026347782872704825,0.021596411462023936,0.857421875,55,0,29,0,True,False,0.857421875
hardware_only,99,41.68384154535012,0.026317289372832994,0.02155061487642959,0.857421875,55,0,29,0,True,False,0.857421875
hardware_only,100,41.71386634586957,0.026329447547362057,0.021553780213823797,0.857421875,55,0,29,0,True,False,0.857421875
hardware_only,101,42.018032183931616,0.026409528579385038,0.021635830935811885,0.857421875,55,0,29,0,True,False,0.857421875
hardware_only,102,41.539653718865395,0.026260715938889033,0.02151558929804067,0.857421875,55,0,29,0,True,False,0.857421875
hardware_only,103,41.76089640158452,0.02632628412118013,0.02157514500296769,0.857421875,55,0,29,0,True,False,0.857421875
hardware_only,104,41.859936180050376,0.026355030270884268,0.021600966602920695,0.857421875,55,0,29,0,True,False,0.857421875
hardware_only,105,41.77608599697156,0.026370374870725653,0.02155209867017842,0.857421875,55,0,29,0,True,False,0.857421875
hardware_only,106,41.956416012298135,0.0264096553483295,0.02160983526458909,0.857421875,55,0,29,0,True,False,0.857421875
hardware_only,107,42.09565087529531,0.02641634243781884,0.021656382727021927,0.857421875,55,0,29,0,True,False,0.857421875
hardware_only,108,42.28052737209692,0.026450024857204775,0.02171676484135725,0.857421875,55,0,29,0,True,False,0.857421875
hardware_only,109,42.07829443262198,0.026398498575543942,0.021666847026429223,0.857421875,55,0,29,0,True,False,0.857421875
hardware_only,110,41.939838067228976,0.026360922067700437,0.021632810035699054,0.857421875,55,0,29,0,True,False,0.857421875
hardware_only,111,41.963886187040394,0.02636402284598028,0.021636706235648055,0.857421875,55,0,29,0,True,False,0.857421875
hardware_only,112,42.27581040606993,0.02647898037082829,0.021713774760452165,0.857421875,55,0,29,0,True,False,0.857421875
hardware_only,113,42.238809067414046,0.02647198262531026,0.02169881533376166,0.857421875,55,0,29,0,True,False,0.857421875
hardware_only,114,42.29448657468495,0.026492589568469466,0.02170945009219907,0.857421875,55,0,29,0,True,False,0.857421875
hardware_only,115,42.31289700981266,0.02654366083644492,0.02169031728851335,0.857421875,55,0,29,0,True,False,0.857421875
hardware_only,116,42.32710184402314,0.026536803176764472,0.021693719419809708,0.857421875,55,0,29,0,True,False,0.857421875
hardware_only,117,42.835384701407904,0.026656470419845563,0.021842692044591584,0.857421875,55,0,29,0,True,False,0.857421875
hardware_only,118,43.031192390881486,0.026709054911380793,0.021894694395156317,0.857421875,55,0,29,0,True,False,0.857421875
hardware_only,119,43.26799654028298,0.026733319407557403,0.021967955971372535,0.857421875,55,0,29,0,True,False,0.857421875
static_sensitivity,0,22.034741406364294,0.023508596600038543,0.015977931554973027,0.857421875,0,0,0,0,True,False,0.857421875
static_sensitivity,1,22.209833582117678,0.023629846551768988,0.016032003588366105,0.857421875,0,0,0,0,True,False,0.857421875
static_sensitivity,2,22.338278429883438,0.023725473800625355,0.016067941221089063,0.857421875,0,0,0,0,True,False,0.857421875
static_sensitivity,3,22.67967206014891,0.023901258576401515,0.016189735753624403,0.857421875,0,0,0,0,True,False,0.857421875
static_sensitivity,4,22.911495665629133,0.02392450795207934,0.016307801205102963,0.857421875,0,0,0,0,True,False,0.857421875
static_sensitivity,5,22.913685275302978,0.0239162917248365,0.016306829406780736,0.857421875,0,0,0,0,True,False,0.857421875
static_sensitivity,6,22.856529717024802,0.023892264472133936,0.016287016887513252,0.857421875,0,0,0,0,True,False,0.857421875
static_sensitivity,7,23.061510423475696,0.023982049680132487,0.016363446549281433,0.857421875,0,0,0,0,True,False,0.857421875
static_sensitivity,8,22.85144757953469,0.02386733526983887,0.01628701472952068,0.857421875,0,0,0,0,True,False,0.857421875
static_sensitivity,9,22.792505147666922,0.023795768867085922,0.01628299893828473,0.857421875,0,0,0,0,True,False,0.857421875
static_sensitivity,10,22.629689595087708,0.023709392778802997,0.016227033425205123,0.857421875,0,0,0,0,True,False,0.857421875
static_sensitivity,11,22.915048883773622,0.023873098037633444,0.01632123057127112,0.857421875,0,0,0,0,True,False,0.857421875
static_sensitivity,12,22.92356409829345,0.023861578147419644,0.016330127339330456,0.857421875,0,0,0,0,True,False,0.857421875
static_sensitivity,13,23.217865244807577,0.02395681899148241,0.016457744586081367,0.857421875,0,0,0,0,True,False,0.857421875
static_sensitivity,14,23.079627535633936,0.023942130400914745,0.016387208062432306,0.857421875,0,0,0,0,True,False,0.857421875
static_sensitivity,15,23.13771534234263,0.02396930090651314,0.016406018269851066,0.857421875,0,0,0,0,True,False,0.857421875
static_sensitivity,16,22.80927348341858,0.023778058541392012,0.016292271229459507,0.857421875,0,0,0,0,True,False,0.857421875
static_sensitivity,17,22.528793727042775,0.023646826442421012,0.016183046675380907,0.857421875,0,0,0,0,True,False,0.857421875
static_sensitivity,18,22.355182172929833,0.023614809437764433,0.016106721285816687,0.857421875,0,0,0,0,True,False,0.857421875
static_sensitivity,19,22.585156986779914,0.02384045747652035,0.016156328732470415,0.857421875,0,0,0,0,True,False,0.857421875
static_sensitivity,20,22.65572722763062,0.02392585050517512,0.016165968965440328,0.857421875,0,0,0,0,True,False,0.857421875
static_sensitivity,21,22.744917639446175,0.02399344026962632,0.01619033090253826,0.857421875,0,0,0,0,True,False,0.857421875
static_sensitivity,22,22.68665670025357,0.023931221249686833,0.016183617696889554,0.857421875,0,0,0,0,True,False,0.857421875
static_sensitivity,23,22.886538133956694,0.024012657462700097,0.01626280916924993,0.857421875,0,0,0,0,True,False,0.857421875
static_sensitivity,24,22.884974177157552,0.024026711707122738,0.016255440305119606,0.857421875,0,0,0,0,True,False,0.857421875
static_sensitivity,25,23.399178983976633,0.024236321352174756,0.01645810190466159,0.857421875,0,0,0,0,True,False,0.857421875
static_sensitivity,26,23.41483852528768,0.02423295613712683,0.01647144046774557,0.857421875,0,0,0,0,True,False,0.857421875
static_sensitivity,27,23.41246015658748,0.024250813116414627,0.016466642857937728,0.857421875,0,0,0,0,True,False,0.857421875
static_sensitivity,28,23.377079501251764,0.024221283001201972,0.01645719301649652,0.857421875,0,0,0,0,True,False,0.857421875
static_sensitivity,29,23.35779211054373,0.02421224076086904,0.016449471994041603,0.857421875,0,0,0,0,True,False,0.857421875
static_sensitivity,30,23.197026307365213,0.024191421945318935,0.016370920365602983,0.857421875,0,0,0,0,True,False,0.857421875
static_sensitivity,31,23.02967410438768,0.024143354294681254,0.016295996945854666,0.857421875,0,0,0,0,True,False,0.857421875
static_sensitivity,32,23.185557770715707,0.02425240393395881,0.016340481163714476,0.857421875,0,0,0,0,True,False,0.857421875
static_sensitivity,33,23.06006046794393,0.024191290866316703,0.016294037014961384,0.857421875,0,0,0,0,True,False,0.857421875
static_sensitivity,34,23.616447216243387,0.024457084475893724,0.01649922337413352,0.857421875,0,0,0,0,True,False,0.857421875
static_sensitivity,35,23.980844948574635,0.024649739098694542,0.01662482652819515,0.857421875,0,0,0,0,True,False,0.857421875
static_sensitivity,36,24.03417016816945,0.024655815422503977,0.01665133957355864,0.857421875,0,0,0,0,True,False,0.857421875
static_sensitivity,37,24.16139456403515,0.02468840543464966,0.01670824890736088,0.857421875,0,0,0,0,True,False,0.857421875
static_sensitivity,38,24.26148135867635,0.024794568180861464,0.01672240520321804,0.857421875,0,0,0,0,True,False,0.857421875
static_sensitivity,39,24.31457965164835,0.024773007942130755,0.016758957386134168,0.857421875,0,0,0,0,True,False,0.857421875
static_sensitivity,40,24.210292865931518,0.024725032040521604,0.016719354390900047,0.857421875,0,0,0,0,True,False,0.857421875
static_sensitivity,41,24.281101845943994,0.02470055202699905,0.016766808736351467,0.857421875,0,0,0,0,True,False,0.857421875
static_sensitivity,42,24.22149974539891,0.024635092546795707,0.016756575334365517,0.857421875,0,0,0,0,True,False,0.857421875
static_sensitivity,43,24.088530219928412,0.02463632569396501,0.016685083505042015,0.857421875,0,0,0,0,True,False,0.857421875
static_sensitivity,44,24.367030999219097,0.024798706218038837,0.01678518905643943,0.857421875,13,0,8,0,True,False,0.857421875
static_sensitivity,45,24.65541859728705,0.024915292330833345,0.016892781450627413,0.857421875,13,0,8,0,True,False,0.857421875
static_sensitivity,46,24.629010028307196,0.0249232333635281,0.016877074184798807,0.857421875,13,0,8,0,True,False,0.857421875
static_sensitivity,47,24.8065174266561,0.02498267201732204,0.016948328127744907,0.857421875,13,0,8,0,True,False,0.857421875
static_sensitivity,48,24.81611110695054,0.024964961140846398,0.016960847468502075,0.857421875,13,0,8,0,True,False,0.857421875
static_sensitivity,49,24.893532218053437,0.02498490187214605,0.01699445865610193,0.857421875,13,0,8,0,True,False,0.857421875
static_sensitivity,50,25.24742061310219,0.025178319473735167,0.01710849729679876,0.857421875,13,0,8,0,True,False,0.857421875
static_sensitivity,51,25.371595897122273,0.025269928467248993,0.01713702056204786,0.857421875,13,0,8,0,True,False,0.857421875
static_sensitivity,52,25.287914844228123,0.025236941466888964,0.017106573452688133,0.857421875,13,0,8,0,True,False,0.857421875
static_sensitivity,53,25.037745648314882,0.025067552767377342,0.017036636235500516,0.857421875,13,0,8,0,True,False,0.857421875
static_sensitivity,54,24.64755071849698,0.024948819135272193,0.016875979705148283,0.857421875,13,0,8,0,True,False,0.857421875
static_sensitivity,55,24.808111916499637,0.025000959820538148,0.016940420739158014,0.857421875,13,0,8,0,True,False,0.857421875
static_sensitivity,56,25.010865747967088,0.025104413305764142,0.01701025971661461,0.857421875,13,0,8,0,True,False,0.857421875
static_sensitivity,57,25.10586809390722,0.025119499484511386,0.017054730068386363,0.857421875,13,0,8,0,True,False,0.857421875
static_sensitivity,58,25.095622252465482,0.025124449708822896,0.017049126633663248,0.857421875,13,0,8,0,True,False,0.857421875
static_sensitivity,59,24.690665997176836,0.024944927814899313,0.016898031641550886,0.857421875,13,0,8,0,True,False,0.857421875
static_sensitivity,60,24.579208674101043,0.024836323963056427,0.016880027553100634,0.857421875,13,0,8,0,True,False,0.857421875
static_sensitivity,61,24.89443134893314,0.02500199343062568,0.016985833746088926,0.857421875,13,0,8,0,True,False,0.857421875
static_sensitivity,62,24.874269068432,0.025038430289685498,0.016961427115991516,0.857421875,13,0,8,0,True,False,0.857421875
static_sensitivity,63,24.81434694865642,0.02495970372137735,0.01695920670764092,0.857421875,13,0,8,0,True,False,0.857421875
static_sensitivity,64,24.815318344084066,0.024977375923678765,0.016947319216509247,0.857421875,13,0,8,0,True,False,0.857421875
static_sensitivity,65,24.804111998472543,0.02498503659812746,0.01693962623663717,0.857421875,13,0,8,0,True,False,0.857421875
static_sensitivity,66,24.574713496835564,0.024877823286078148,0.01685860046955147,0.857421875,13,0,8,0,True,False,0.857421875
static_sensitivity,67,24.883749706851937,0.02508712478358893,0.016953861810474383,0.857421875,26,0,13,0,True,False,0.857421875
static_sensitivity,68,26.142938406514553,0.0254047765519283,0.01726594833481133,0.857421875,42,0,28,0,True,False,0.857421875
static_sensitivity,69,26.300352081583295,0.025496331181851635,0.01731954496278099,0.857421875,42,0,28,0,True,False,0.857421875
static_sensitivity,70,27.020692797725662,0.02591888643010014,0.01753699293221505,0.857421875,55,0,31,0,True,False,0.857421875
static_sensitivity,71,27.09663809567896,0.02597939220571399,0.017555317025053394,0.857421875,55,0,31,0,True,False,0.857421875
static_sensitivity,72,26.84774434778471,0.025897769411728,0.017456369342258905,0.857421875,55,0,31,0,True,False,0.857421875
static_sensitivity,73,26.554397933690353,0.025714843465284215,0.017379277698092967,0.857421875,55,0,31,0,True,False,0.857421875
static_sensitivity,74,26.803190687274117,0.025881521917176725,0.017439183044903366,0.857421875,55,0,31,0,True,False,0.857421875
static_sensitivity,75,26.91604834622456,0.025907719051604387,0.017489572204486777,0.857421875,55,0,31,0,True,False,0.857421875
static_sensitivity,76,26.894297648651122,0.02592011838203869,0.01747591262400474,0.857421875,55,0,31,0,True,False,0.857421875
static_sensitivity,77,27.378998930321266,0.026166090432473647,0.01762257410332985,0.857421875,55,0,31,0,True,False,0.857421875
static_sensitivity,78,27.339889321013256,0.026162000049934304,0.017600493105206567,0.857421875,55,0,31,0,True,False,0.857421875
static_sensitivity,79,27.579663698152082,0.026234003881216876,0.01769442196203586,0.857421875,55,0,31,0,True,False,0.857421875
static_sensitivity,80,27.638021651348737,0.026256193201708158,0.01771361719496539,0.857421875,55,0,31,0,True,False,0.857421875
static_sensitivity,81,27.307702830856314,0.026108431513851827,0.017588836489689206,0.857421875,55,0,31,0,True,False,0.857421875
static_sensitivity,82,27.3609547602258,0.026135889760454684,0.01761554535986808,0.857421875,55,0,31,0,True,False,0.857421875
static_sensitivity,83,27.314409576188005,0.02600321842304616,0.017645091224873993,0.857421875,55,0,31,0,True,False,0.857421875
static_sensitivity,84,27.223404772510307,0.025976081645043336,0.017603240245083106,0.857421875,55,0,31,0,True,False,0.857421875
static_sensitivity,85,27.369645860017627,0.02603272010110499,0.01766013946755775,0.857421875,55,0,31,0,True,False,0.857421875
static_sensitivity,86,27.54646264399023,0.02612860672807236,0.01771661202906929,0.857421875,55,0,31,0,True,False,0.857421875
static_sensitivity,87,27.734412806542316,0.02620841958486054,0.01777334640046902,0.857421875,55,0,31,0,True,False,0.857421875
static_sensitivity,88,28.015939094146187,0.02634628532622912,0.017870151671873395,0.857421875,55,0,31,0,True,False,0.857421875
static_sensitivity,89,28.228960811994106,0.026442035705314344,0.017942566440863915,0.857421875,55,0,31,0,True,False,0.857421875
static_sensitivity,90,27.98818776052224,0.026330461781763355,0.017864634155501137,0.857421875,55,0,31,0,True,False,0.857421875
static_sensitivity,91,27.872390733643083,0.026299003432140176,0.017809206183250593,0.857421875,55,0,31,0,True,False,0.857421875
static_sensitivity,92,27.65896810337578,0.02616277972103709,0.017752426792042628,0.857421875,55,0,31,0,True,False,0.857421875
static_sensitivity,93,27.700547649054094,0.026175791512962877,0.01776965799018025,0.857421875,55,0,31,0,True,False,0.857421875
static_sensitivity,94,27.875552660307616,0.026245893954878544,0.01783831037453859,0.857421875,55,0,31,0,True,False,0.857421875
static_sensitivity,95,28.25731107595749,0.026415419983243746,0.017962671673937725,0.857421875,55,0,31,0,True,False,0.857421875
static_sensitivity,96,27.918799993822454,0.026275218687463117,0.0178436395404204,0.857421875,55,0,31,0,True,False,0.857421875
static_sensitivity,97,27.95541977928002,0.026276341958725767,0.01786463830527753,0.857421875,55,0,31,0,True,False,0.857421875
static_sensitivity,98,28.102717580922107,0.026347782872704836,0.017915796161860852,0.857421875,55,0,31,0,True,False,0.857421875
static_sensitivity,99,27.986281282955094,0.026317289372833022,0.017868658737334737,0.857421875,55,0,31,0,True,False,0.857421875
static_sensitivity,100,27.980426604333246,0.026329447547362064,0.017864326887373414,0.857421875,55,0,31,0,True,False,0.857421875
static_sensitivity,101,28.16888201307797,0.02640952857938502,0.01793319890352991,0.857421875,55,0,31,0,True,False,0.857421875
static_sensitivity,102,27.888266836544336,0.026260715938889005,0.017842282122887132,0.857421875,55,0,31,0,True,False,0.857421875
static_sensitivity,103,28.047523646523622,0.02632628412118012,0.017895371985778563,0.857421875,55,0,31,0,True,False,0.857421875
static_sensitivity,104,28.129885247932105,0.02635503027088425,0.01792061884838489,0.857421875,55,0,31,0,True,False,0.857421875
static_sensitivity,105,27.98684998632768,0.026370374870725643,0.017847518612368364,0.857421875,55,0,31,0,True,False,0.857421875
static_sensitivity,106,28.137377409773404,0.026409655348329484,0.017907783365008336,0.857421875,55,0,31,0,True,False,0.857421875
static_sensitivity,107,28.207484635383903,0.02641634243781884,0.01795155643539445,0.857421875,55,0,31,0,True,False,0.857421875
static_sensitivity,108,28.360149294155693,0.026450024857204775,0.018015556653708378,0.857421875,55,0,31,0,True,False,0.857421875
static_sensitivity,109,28.274425759315857,0.02639849857554393,0.01798270619820531,0.857421875,55,0,31,0,True,False,0.857421875
static_sensitivity,110,28.220109117668432,0.02636092206770044,0.017961817609926135,0.857421875,55,0,31,0,True,False,0.857421875
static_sensitivity,111,28.212746942501468,0.026364022845980266,0.017960477587451774,0.857421875,55,0,31,0,True,False,0.857421875
static_sensitivity,112,28.430374712684422,0.026478980370828298,0.01802232666784864,0.857421875,55,0,31,0,True,False,0.857421875
static_sensitivity,113,28.37581280528909,0.026471982625310284,0.01800160744968781,0.857421875,55,0,31,0,True,False,0.857421875
static_sensitivity,114,28.397313532640485,0.02649258956846948,0.018005914047600765,0.857421875,55,0,31,0,True,False,0.857421875
static_sensitivity,115,28.382690623509397,0.026543660836444934,0.017969989890454993,0.857421875,55,0,31,0,True,False,0.857421875
static_sensitivity,116,28.37716365644988,0.026536803176764476,0.017971846028291126,0.857421875,55,0,31,0,True,False,0.857421875
static_sensitivity,117,28.775003329882328,0.026656470419845573,0.018119878449543932,0.857421875,55,0,31,0,True,False,0.857421875
static_sensitivity,118,28.910469357112007,0.026709054911380793,0.01816615820751395,0.857421875,55,0,31,0,True,False,0.857421875
static_sensitivity,119,29.058350416845652,0.026733319407557406,0.018237409753074408,0.857421875,55,0,31,0,True,False,0.857421875
