seed,policy,t,r,nll
41,random,0,0,3.653962726661381
41,sequential,0,0,3.640775366923288
41,hardware_only,0,0,3.642722662204483
41,static_sensitivity,0,0,3.586423775628476
41,random,0,1,3.650154177006
41,sequential,0,1,3.636043755384329
41,hardware_only,0,1,3.6357933996398817
41,static_sensitivity,0,1,3.5927402631356298
41,random,0,2,3.657342766348179
41,sequential,0,2,3.650692298848142
41,hardware_only,0,2,3.6403764952040913
41,static_sensitivity,0,2,3.5909548002331917
41,random,30,0,3.66583312455044
41,sequential,30,0,3.655800922797145
41,hardware_only,30,0,3.657424780630296
41,static_sensitivity,30,0,3.5911065446860473
41,random,30,1,3.6614123946022388
41,sequential,30,1,3.6505212459085663
41,hardware_only,30,1,3.6464018676443337
41,static_sensitivity,30,1,3.5965878433651395
41,random,30,2,3.6675268441545494
41,sequential,30,2,3.668305890961787
41,hardware_only,30,2,3.652249348206332
41,static_sensitivity,30,2,3.5980709120364174
41,random,60,0,3.716465253556501
41,sequential,60,0,3.687033563531855
41,hardware_only,60,0,3.697168478401758
41,static_sensitivity,60,0,3.6207394975915177
41,random,60,1,3.7046577229722
41,sequential,60,1,3.679696719706272
41,hardware_only,60,1,3.6827912040081503
41,static_sensitivity,60,1,3.6255885930898795
41,random,60,2,3.712268597763499
41,sequential,60,2,3.6968742826933503
41,hardware_only,60,2,3.6882423089823844
41,static_sensitivity,60,2,3.623069753783578
41,random,90,0,3.7592960198720298
41,sequential,90,0,3.7209296525592874
41,hardware_only,90,0,3.7313230704235774
41,static_sensitivity,90,0,3.6733174947854867
41,random,90,1,3.7447342317164156
41,sequential,90,1,3.7105687818219586
41,hardware_only,90,1,3.711241992998294
41,static_sensitivity,90,1,3.6739516830786156
41,random,90,2,3.748296573597898
41,sequential,90,2,3.733200246715204
41,hardware_only,90,2,3.721833752902178
41,static_sensitivity,90,2,3.6671576149574743
41,random,119,0,3.789981543804155
41,sequential,119,0,3.755901724634205
41,hardware_only,119,0,3.762853494254492
41,static_sensitivity,119,0,3.6959385102795017
41,random,119,1,3.772808785079628
41,sequential,119,1,3.7414637560485513
41,hardware_only,119,1,3.7386345726614785
41,static_sensitivity,119,1,3.6949721074873403
41,random,119,2,3.776393252034341
41,sequential,119,2,3.766987397252018
41,hardware_only,119,2,3.7494956387413874
41,static_sensitivity,119,2,3.6887563454207553
42,random,0,0,3.6371133293302256
42,sequential,0,0,3.640052979137735
42,hardware_only,0,0,3.6157417904091567
42,static_sensitivity,0,0,3.589381787084764
42,random,0,1,3.6438479483341233
42,sequential,0,1,3.644221539138466
42,hardware_only,0,1,3.6282999447169697
42,static_sensitivity,0,1,3.5898909303877087
42,random,0,2,3.6290083794610903
42,sequential,0,2,3.632103118417938
42,hardware_only,0,2,3.6041872621009854
42,static_sensitivity,0,2,3.574487703248164
42,random,30,0,3.6508295424950163
42,sequential,30,0,3.6547376536981178
42,hardware_only,30,0,3.6255263487497964
42,static_sensitivity,30,0,3.596284376677646
42,random,30,1,3.6578207485991996
42,sequential,30,1,3.657859848391625
42,hardware_only,30,1,3.6416572362291344
42,static_sensitivity,30,1,3.599007387742347
42,random,30,2,3.642630406178027
42,sequential,30,2,3.646652584007564
42,hardware_only,30,2,3.6158028195835783
42,static_sensitivity,30,2,3.5826842494335653
42,random,60,0,3.6795029648743225
42,sequential,60,0,3.7076294285422158
42,hardware_only,60,0,3.6494311696739605
42,static_sensitivity,60,0,3.6155207968954546
42,random,60,1,3.6852081138173314
42,sequential,60,1,3.7046529828006647
42,hardware_only,60,1,3.667274898952908
42,static_sensitivity,60,1,3.6179444644613503
42,random,60,2,3.674351685363332
42,sequential,60,2,3.7054591324167014
42,hardware_only,60,2,3.644168907596219
42,static_sensitivity,60,2,3.6036479430386668
42,random,90,0,3.731317537232539
42,sequential,90,0,3.754453944476275
42,hardware_only,90,0,3.6937705744124654
42,static_sensitivity,90,0,3.648853403693032
42,random,90,1,3.740060926765524
42,sequential,90,1,3.7609754044522523
42,hardware_only,90,1,3.711099822034118
42,static_sensitivity,90,1,3.640906007486432
42,random,90,2,3.7339342734292416
42,sequential,90,2,3.760889555818291
42,hardware_only,90,2,3.687007240924357
42,static_sensitivity,90,2,3.6339919071470965
42,random,119,0,3.761306034621372
42,sequential,119,0,3.7923448974513665
42,hardware_only,119,0,3.717789360271987
42,static_sensitivity,119,0,3.6616773938619964
42,random,119,1,3.7696532331487185
42,sequential,119,1,3.7975857206570205
42,hardware_only,119,1,3.7350033107196987
42,static_sensitivity,119,1,3.6551053301835146
42,random,119,2,3.7667851046422047
42,sequential,119,2,3.8026046838384375
42,hardware_only,119,2,3.7128579941274444
42,static_sensitivity,119,2,3.64918078743856
43,random,0,0,3.681735630103764
43,sequential,0,0,3.64868482723031
43,hardware_only,0,0,3.657440641020361
43,static_sensitivity,0,0,3.5960622713984556
43,random,0,1,3.6621499753767446
43,sequential,0,1,3.629899489836881
43,hardware_only,0,1,3.6385998016617203
43,static_sensitivity,0,1,3.5831079295031913
43,random,0,2,3.666012002575782
43,sequential,0,2,3.6348185556336543
43,hardware_only,0,2,3.644154222208112
43,static_sensitivity,0,2,3.5883685132508636
43,random,30,0,3.6872091985517934
43,sequential,30,0,3.653921865647839
43,hardware_only,30,0,3.6652957752186763
43,static_sensitivity,30,0,3.599063835690953
43,random,30,1,3.6681414923787545
43,sequential,30,1,3.629920201489575
43,hardware_only,30,1,3.64941332331695
43,static_sensitivity,30,1,3.5867065990270253
43,random,30,2,3.6713925253960396
43,sequential,30,2,3.6328342422362296
43,hardware_only,30,2,3.6498773491083507
43,static_sensitivity,30,2,3.5926211905735794
43,random,60,0,3.748289850023058
43,sequential,60,0,3.704761532472453
43,hardware_only,60,0,3.7291069141852815
43,static_sensitivity,60,0,3.6329630335599292
43,random,60,1,3.7332055295240067
43,sequential,60,1,3.6862086147390385
43,hardware_only,60,1,3.7088083067247943
43,static_sensitivity,60,1,3.618728317240233
43,random,60,2,3.7337890431872407
43,sequential,60,2,3.6916920335489363
43,hardware_only,60,2,3.707739351470838
43,static_sensitivity,60,2,3.6234481804687064
43,random,90,0,3.7787752262580354
43,sequential,90,0,3.7336092789967856
43,hardware_only,90,0,3.7583691629457645
43,static_sensitivity,90,0,3.652465470802827
43,random,90,1,3.770736150844123
43,sequential,90,1,3.715554150201941
43,hardware_only,90,1,3.746238568350406
43,static_sensitivity,90,1,3.640053311556471
43,random,90,2,3.7712323135799832
43,sequential,90,2,3.7189419944653803
43,hardware_only,90,2,3.737348679573305
43,static_sensitivity,90,2,3.639396455552843
43,random,119,0,3.8558508315821274
43,sequential,119,0,3.78447042229355
43,hardware_only,119,0,3.826538725138565
43,static_sensitivity,119,0,3.6793252874873446
43,random,119,1,3.8475230449416733
43,sequential,119,1,3.7676892964216115
43,hardware_only,119,1,3.8145664430433706
43,static_sensitivity,119,1,3.671172369338278
43,random,119,2,3.8467597217969995
43,sequential,119,2,3.7694720324649604
43,hardware_only,119,2,3.7993402857079728
43,static_sensitivity,119,2,3.6731574364460498
44,random,0,0,3.68613935542363
44,sequential,0,0,3.681693635961061
44,hardware_only,0,0,3.6120919600182537
44,static_sensitivity,0,0,3.567039220563827
44,random,0,1,3.6824279831301783
44,sequential,0,1,3.6893782239660995
44,hardware_only,0,1,3.61543255382114
44,static_sensitivity,0,1,3.5747423923998323
44,random,0,2,3.6954200575428624
44,sequential,0,2,3.68448219418953
44,hardware_only,0,2,3.6124195317640955
44,static_sensitivity,0,2,3.5723187846522175
44,random,30,0,3.7231101545381717
44,sequential,30,0,3.7200643503537743
44,hardware_only,30,0,3.6394524300824784
44,static_sensitivity,30,0,3.590606739016844
44,random,30,1,3.715758233942011
44,sequential,30,1,3.723825229966085
44,hardware_only,30,1,3.6404945055643716
44,static_sensitivity,30,1,3.594702155786603
44,random,30,2,3.7367388783389948
44,sequential,30,2,3.7211906431396375
44,hardware_only,30,2,3.6404504613637068
44,static_sensitivity,30,2,3.594093437263188
44,random,60,0,3.778746839065278
44,sequential,60,0,3.7892140837980426
44,hardware_only,60,0,3.6891143458718467
44,static_sensitivity,60,0,3.6281646451642438
44,random,60,1,3.76983912785848
44,sequential,60,1,3.7858987401463224
44,hardware_only,60,1,3.684148227869396
44,static_sensitivity,60,1,3.630364238574941
44,random,60,2,3.7924913650772476
44,sequential,60,2,3.7862692554364497
44,hardware_only,60,2,3.6840258747018795
44,static_sensitivity,60,2,3.630740574183857
44,random,90,0,3.82071605207245
44,sequential,90,0,3.813682385242968
44,hardware_only,90,0,3.7079156231282004
44,static_sensitivity,90,0,3.64348117425023
44,random,90,1,3.805979759462418
44,sequential,90,1,3.8099900693449067
44,hardware_only,90,1,3.700061848513969
44,static_sensitivity,90,1,3.6451987741668592
44,random,90,2,3.8334458583572006
44,sequential,90,2,3.811453950020575
44,hardware_only,90,2,3.705221251347586
44,static_sensitivity,90,2,3.6461574433097703
44,random,119,0,3.857150565766092
44,sequential,119,0,3.8534126256101873
44,hardware_only,119,0,3.73072487051769
44,static_sensitivity,119,0,3.655900022889551
44,random,119,1,3.8385261617681032
44,sequential,119,1,3.847872235014447
44,hardware_only,119,1,3.721413362838034
44,static_sensitivity,119,1,3.6592392477083377
44,random,119,2,3.8721584615741578
44,sequential,119,2,3.8547478029804845
44,hardware_only,119,2,3.728044303087351
44,static_sensitivity,119,2,3.6602341205843034
45,random,0,0,3.6416352752289036
45,sequential,0,0,3.6590015871123174
45,hardware_only,0,0,3.6150167133645774
45,static_sensitivity,0,0,3.5744163067110124
45,random,0,1,3.665372364837209
45,sequential,0,1,3.6715003649393716
45,hardware_only,0,1,3.6270154718857084
45,static_sensitivity,0,1,3.572283377356854
45,random,0,2,3.659393889075112
45,sequential,0,2,3.689280224530073
45,hardware_only,0,2,3.624958010984578
45,static_sensitivity,0,2,3.587368962585285
45,random,30,0,3.6733791426518483
45,sequential,30,0,3.7026505410457595
45,hardware_only,30,0,3.6362088931504117
45,static_sensitivity,30,0,3.5898994570564624
45,random,30,1,3.698977725052919
45,sequential,30,1,3.7170164952568685
45,hardware_only,30,1,3.6500736445081703
45,static_sensitivity,30,1,3.5896644823012815
45,random,30,2,3.6907259563391355
45,sequential,30,2,3.735243658865652
45,hardware_only,30,2,3.649125717019522
45,static_sensitivity,30,2,3.6042055733314977
45,random,60,0,3.705553899956433
45,sequential,60,0,3.755677218932832
45,hardware_only,60,0,3.662477176249241
45,static_sensitivity,60,0,3.60755315732785
45,random,60,1,3.737018043422357
45,sequential,60,1,3.7721881251181326
45,hardware_only,60,1,3.681295758079884
45,static_sensitivity,60,1,3.60835499148215
45,random,60,2,3.728197766033979
45,sequential,60,2,3.7893651249588176
45,hardware_only,60,2,3.674152128158077
45,static_sensitivity,60,2,3.622290675358106
45,random,90,0,3.757856410036805
45,sequential,90,0,3.8149017612566656
45,hardware_only,90,0,3.7158611239498236
45,static_sensitivity,90,0,3.6386876738626897
45,random,90,1,3.7910987476294187
45,sequential,90,1,3.8320883892770308
45,hardware_only,90,1,3.7355726876139213
45,static_sensitivity,90,1,3.6375802238354975
45,random,90,2,3.779542681136866
45,sequential,90,2,3.850855557294729
45,hardware_only,90,2,3.729916396534144
45,static_sensitivity,90,2,3.6528780981631264
45,random,119,0,3.7982546078261508
45,sequential,119,0,3.8766329536301263
45,hardware_only,119,0,3.7584172132621956
45,static_sensitivity,119,0,3.6679206526834904
45,random,119,1,3.8381647397113103
45,sequential,119,1,3.9032436459722484
45,hardware_only,119,1,3.779633173378565
45,static_sensitivity,119,1,3.6686947892643644
45,random,119,2,3.8257084183368204
45,sequential,119,2,3.920672331232324
45,hardware_only,119,2,3.7693416901386767
45,static_sensitivity,119,2,3.684385941447323
